-- PRIMER PROBLEMATICA 

-- Agrego tablas tipo de cliente, tipo de cuenta y marca de tarjeta
CREATE TABLE tipo_cliente (
	customer_id INTEGER NOT NULL,
	cu_type TEXT NOT NULL DEFAULT CLASSIC,
	FOREIGN KEY (customer_id) REFERENCES cliente(customer_id)
);

CREATE TABLE tipo_cuenta (
	account_id INTEGER NOT NULL,
	ac_type TEXT NOT NULL DEFAULT 'Caja de ahorro en pesos',
	FOREIGN KEY (account_id) REFERENCES cuenta(account_id)
);

CREATE TABLE marca_tarjeta (
	card_id INTEGER NOT NULL,
	card_brand TEXT NOT NULL DEFAULT 'VISA',
	FOREIGN KEY (card_id) REFERENCES tarjeta(card_id)
);

-- Agrego tabla tarjeta 
CREATE TABLE tarjeta ( 
	card_id INTEGER PRIMARY KEY AUTOINCREMENT,
	account_id INTEGER NOT NULL,
	customer_id INTEGER NOT NULL DEFAULT 1,
	card_number TEXT UNIQUE CHECK(length(card_number)<=20),
	CVV TEXT NOT NULL,
	valid_from DATE NOT NULL,
	expiration_date DATE NOT NULL,
	card_type TEXT NOT NULL,
	FOREIGN KEY (account_id) REFERENCES cuenta (account_id) ON UPDATE CASCADE ON DELETE CASCADE,
	FOREIGN KEY (customer_id) REFERENCES cliente (customer_id) ON UPDATE CASCADE ON DELETE CASCADE
);

-- Inserto todos los valores requeridos de las tablas recientemente creadas 
-- Utilizo este tipo de diagramación para evitar errores al llamar Foreign Keys
INSERT INTO `tipo_cliente` (`customer_id`)
VALUES
  (1),
  (2),
  (3),
  (4),
  (5),
  (6),
  (7),
  (8),
  (9),
  (10);
INSERT INTO `tipo_cliente` (`customer_id`)
VALUES
  (11),
  (12),
  (13),
  (14),
  (15),
  (16),
  (17),
  (18),
  (19),
  (20);
INSERT INTO `tipo_cliente` (`customer_id`)
VALUES
  (21),
  (22),
  (23),
  (24),
  (25),
  (26),
  (27),
  (28),
  (29),
  (30);
INSERT INTO `tipo_cliente` (`customer_id`)
VALUES
  (31),
  (32),
  (33),
  (34),
  (35),
  (36),
  (37),
  (38),
  (39),
  (40);
INSERT INTO `tipo_cliente` (`customer_id`)
VALUES
  (41),
  (42),
  (43),
  (44),
  (45),
  (46),
  (47),
  (48),
  (49),
  (50);
INSERT INTO `tipo_cliente` (`customer_id`)
VALUES
  (51),
  (52),
  (53),
  (54),
  (55),
  (56),
  (57),
  (58),
  (59),
  (60);
INSERT INTO `tipo_cliente` (`customer_id`)
VALUES
  (61),
  (62),
  (63),
  (64),
  (65),
  (66),
  (67),
  (68),
  (69),
  (70);
INSERT INTO `tipo_cliente` (`customer_id`)
VALUES
  (71),
  (72),
  (73),
  (74),
  (75),
  (76),
  (77),
  (78),
  (79),
  (80);
INSERT INTO `tipo_cliente` (`customer_id`)
VALUES
  (81),
  (82),
  (83),
  (84),
  (85),
  (86),
  (87),
  (88),
  (89),
  (90);
INSERT INTO `tipo_cliente` (`customer_id`)
VALUES
  (91),
  (92),
  (93),
  (94),
  (95),
  (96),
  (97),
  (98),
  (99),
  (100);
INSERT INTO `tipo_cliente` (`customer_id`)
VALUES
  (101),
  (102),
  (103),
  (104),
  (105),
  (106),
  (107),
  (108),
  (109),
  (110);
INSERT INTO `tipo_cliente` (`customer_id`)
VALUES
  (111),
  (112),
  (113),
  (114),
  (115),
  (116),
  (117),
  (118),
  (119),
  (120);
INSERT INTO `tipo_cliente` (`customer_id`)
VALUES
  (121),
  (122),
  (123),
  (124),
  (125),
  (126),
  (127),
  (128),
  (129),
  (130);
INSERT INTO `tipo_cliente` (`customer_id`)
VALUES
  (131),
  (132),
  (133),
  (134),
  (135),
  (136),
  (137),
  (138),
  (139),
  (140);
INSERT INTO `tipo_cliente` (`customer_id`)
VALUES
  (141),
  (142),
  (143),
  (144),
  (145),
  (146),
  (147),
  (148),
  (149),
  (150);
INSERT INTO `tipo_cliente` (`customer_id`)
VALUES
  (151),
  (152),
  (153),
  (154),
  (155),
  (156),
  (157),
  (158),
  (159),
  (160);
INSERT INTO `tipo_cliente` (`customer_id`)
VALUES
  (161),
  (162),
  (163),
  (164),
  (165),
  (166),
  (167),
  (168),
  (169),
  (170);
INSERT INTO `tipo_cliente` (`customer_id`)
VALUES
  (171),
  (172),
  (173),
  (174),
  (175),
  (176),
  (177),
  (178),
  (179),
  (180);
INSERT INTO `tipo_cliente` (`customer_id`)
VALUES
  (181),
  (182),
  (183),
  (184),
  (185),
  (186),
  (187),
  (188),
  (189),
  (190);
INSERT INTO `tipo_cliente` (`customer_id`)
VALUES
  (191),
  (192),
  (193),
  (194),
  (195),
  (196),
  (197),
  (198),
  (199),
  (200);
INSERT INTO `tipo_cliente` (`customer_id`)
VALUES
  (201),
  (202),
  (203),
  (204),
  (205),
  (206),
  (207),
  (208),
  (209),
  (210);
INSERT INTO `tipo_cliente` (`customer_id`)
VALUES
  (211),
  (212),
  (213),
  (214),
  (215),
  (216),
  (217),
  (218),
  (219),
  (220);
INSERT INTO `tipo_cliente` (`customer_id`)
VALUES
  (221),
  (222),
  (223),
  (224),
  (225),
  (226),
  (227),
  (228),
  (229),
  (230);
INSERT INTO `tipo_cliente` (`customer_id`)
VALUES
  (231),
  (232),
  (233),
  (234),
  (235),
  (236),
  (237),
  (238),
  (239),
  (240);
INSERT INTO `tipo_cliente` (`customer_id`)
VALUES
  (241),
  (242),
  (243),
  (244),
  (245),
  (246),
  (247),
  (248),
  (249),
  (250);
INSERT INTO `tipo_cliente` (`customer_id`)
VALUES
  (251),
  (252),
  (253),
  (254),
  (255),
  (256),
  (257),
  (258),
  (259),
  (260);
INSERT INTO `tipo_cliente` (`customer_id`)
VALUES
  (261),
  (262),
  (263),
  (264),
  (265),
  (266),
  (267),
  (268),
  (269),
  (270);
INSERT INTO `tipo_cliente` (`customer_id`)
VALUES
  (271),
  (272),
  (273),
  (274),
  (275),
  (276),
  (277),
  (278),
  (279),
  (280);
INSERT INTO `tipo_cliente` (`customer_id`)
VALUES
  (281),
  (282),
  (283),
  (284),
  (285),
  (286),
  (287),
  (288),
  (289),
  (290);
INSERT INTO `tipo_cliente` (`customer_id`)
VALUES
  (291),
  (292),
  (293),
  (294),
  (295),
  (296),
  (297),
  (298),
  (299),
  (300);
INSERT INTO `tipo_cliente` (`customer_id`)
VALUES
  (301),
  (302),
  (303),
  (304),
  (305),
  (306),
  (307),
  (308),
  (309),
  (310);
INSERT INTO `tipo_cliente` (`customer_id`)
VALUES
  (311),
  (312),
  (313),
  (314),
  (315),
  (316),
  (317),
  (318),
  (319),
  (320);
INSERT INTO `tipo_cliente` (`customer_id`)
VALUES
  (321),
  (322),
  (323),
  (324),
  (325),
  (326),
  (327),
  (328),
  (329),
  (330);
INSERT INTO `tipo_cliente` (`customer_id`)
VALUES
  (331),
  (332),
  (333),
  (334),
  (335),
  (336),
  (337),
  (338),
  (339),
  (340);
INSERT INTO `tipo_cliente` (`customer_id`)
VALUES
  (341),
  (342),
  (343),
  (344),
  (345),
  (346),
  (347),
  (348),
  (349),
  (350);
INSERT INTO `tipo_cliente` (`customer_id`)
VALUES
  (351),
  (352),
  (353),
  (354),
  (355),
  (356),
  (357),
  (358),
  (359),
  (360);
INSERT INTO `tipo_cliente` (`customer_id`)
VALUES
  (361),
  (362),
  (363),
  (364),
  (365),
  (366),
  (367),
  (368),
  (369),
  (370);
INSERT INTO `tipo_cliente` (`customer_id`)
VALUES
  (371),
  (372),
  (373),
  (374),
  (375),
  (376),
  (377),
  (378),
  (379),
  (380);
INSERT INTO `tipo_cliente` (`customer_id`)
VALUES
  (381),
  (382),
  (383),
  (384),
  (385),
  (386),
  (387),
  (388),
  (389),
  (390);
INSERT INTO `tipo_cliente` (`customer_id`)
VALUES
  (391),
  (392),
  (393),
  (394),
  (395),
  (396),
  (397),
  (398),
  (399),
  (400);
INSERT INTO `tipo_cliente` (`customer_id`)
VALUES
  (401),
  (402),
  (403),
  (404),
  (405),
  (406),
  (407),
  (408),
  (409),
  (410);
INSERT INTO `tipo_cliente` (`customer_id`)
VALUES
  (411),
  (412),
  (413),
  (414),
  (415),
  (416),
  (417),
  (418),
  (419),
  (420);
INSERT INTO `tipo_cliente` (`customer_id`)
VALUES
  (421),
  (422),
  (423),
  (424),
  (425),
  (426),
  (427),
  (428),
  (429),
  (430);
INSERT INTO `tipo_cliente` (`customer_id`)
VALUES
  (431),
  (432),
  (433),
  (434),
  (435),
  (436),
  (437),
  (438),
  (439),
  (440);
INSERT INTO `tipo_cliente` (`customer_id`)
VALUES
  (441),
  (442),
  (443),
  (444),
  (445),
  (446),
  (447),
  (448),
  (449),
  (450);
INSERT INTO `tipo_cliente` (`customer_id`)
VALUES
  (451),
  (452),
  (453),
  (454),
  (455),
  (456),
  (457),
  (458),
  (459),
  (460);
INSERT INTO `tipo_cliente` (`customer_id`)
VALUES
  (461),
  (462),
  (463),
  (464),
  (465),
  (466),
  (467),
  (468),
  (469),
  (470);
INSERT INTO `tipo_cliente` (`customer_id`)
VALUES
  (471),
  (472),
  (473),
  (474),
  (475),
  (476),
  (477),
  (478),
  (479),
  (480);
INSERT INTO `tipo_cliente` (`customer_id`)
VALUES
  (481),
  (482),
  (483),
  (484),
  (485),
  (486),
  (487),
  (488),
  (489),
  (490);
INSERT INTO `tipo_cliente` (`customer_id`)
VALUES
  (491),
  (492),
  (493),
  (494),
  (495),
  (496),
  (497),
  (498),
  (499),
  (500);


INSERT INTO `tipo_cuenta` (`account_id`)
VALUES
  (1),
  (2),
  (3),
  (4),
  (5),
  (6),
  (7),
  (8),
  (9),
  (10);
INSERT INTO `tipo_cuenta` (`account_id`)
VALUES
  (11),
  (12),
  (13),
  (14),
  (15),
  (16),
  (17),
  (18),
  (19),
  (20);
INSERT INTO `tipo_cuenta` (`account_id`)
VALUES
  (21),
  (22),
  (23),
  (24),
  (25),
  (26),
  (27),
  (28),
  (29),
  (30);
INSERT INTO `tipo_cuenta` (`account_id`)
VALUES
  (31),
  (32),
  (33),
  (34),
  (35),
  (36),
  (37),
  (38),
  (39),
  (40);
INSERT INTO `tipo_cuenta` (`account_id`)
VALUES
  (41),
  (42),
  (43),
  (44),
  (45),
  (46),
  (47),
  (48),
  (49),
  (50);
INSERT INTO `tipo_cuenta` (`account_id`)
VALUES
  (51),
  (52),
  (53),
  (54),
  (55),
  (56),
  (57),
  (58),
  (59),
  (60);
INSERT INTO `tipo_cuenta` (`account_id`)
VALUES
  (61),
  (62),
  (63),
  (64),
  (65),
  (66),
  (67),
  (68),
  (69),
  (70);
INSERT INTO `tipo_cuenta` (`account_id`)
VALUES
  (71),
  (72),
  (73),
  (74),
  (75),
  (76),
  (77),
  (78),
  (79),
  (80);
INSERT INTO `tipo_cuenta` (`account_id`)
VALUES
  (81),
  (82),
  (83),
  (84),
  (85),
  (86),
  (87),
  (88),
  (89),
  (90);
INSERT INTO `tipo_cuenta` (`account_id`)
VALUES
  (91),
  (92),
  (93),
  (94),
  (95),
  (96),
  (97),
  (98),
  (99),
  (100);
INSERT INTO `tipo_cuenta` (`account_id`)
VALUES
  (101),
  (102),
  (103),
  (104),
  (105),
  (106),
  (107),
  (108),
  (109),
  (110);
INSERT INTO `tipo_cuenta` (`account_id`)
VALUES
  (111),
  (112),
  (113),
  (114),
  (115),
  (116),
  (117),
  (118),
  (119),
  (120);
INSERT INTO `tipo_cuenta` (`account_id`)
VALUES
  (121),
  (122),
  (123),
  (124),
  (125),
  (126),
  (127),
  (128),
  (129),
  (130);
INSERT INTO `tipo_cuenta` (`account_id`)
VALUES
  (131),
  (132),
  (133),
  (134),
  (135),
  (136),
  (137),
  (138),
  (139),
  (140);
INSERT INTO `tipo_cuenta` (`account_id`)
VALUES
  (141),
  (142),
  (143),
  (144),
  (145),
  (146),
  (147),
  (148),
  (149),
  (150);
INSERT INTO `tipo_cuenta` (`account_id`)
VALUES
  (151),
  (152),
  (153),
  (154),
  (155),
  (156),
  (157),
  (158),
  (159),
  (160);
INSERT INTO `tipo_cuenta` (`account_id`)
VALUES
  (161),
  (162),
  (163),
  (164),
  (165),
  (166),
  (167),
  (168),
  (169),
  (170);
INSERT INTO `tipo_cuenta` (`account_id`)
VALUES
  (171),
  (172),
  (173),
  (174),
  (175),
  (176),
  (177),
  (178),
  (179),
  (180);
INSERT INTO `tipo_cuenta` (`account_id`)
VALUES
  (181),
  (182),
  (183),
  (184),
  (185),
  (186),
  (187),
  (188),
  (189),
  (190);
INSERT INTO `tipo_cuenta` (`account_id`)
VALUES
  (191),
  (192),
  (193),
  (194),
  (195),
  (196),
  (197),
  (198),
  (199),
  (200);
INSERT INTO `tipo_cuenta` (`account_id`)
VALUES
  (201),
  (202),
  (203),
  (204),
  (205),
  (206),
  (207),
  (208),
  (209),
  (210);
INSERT INTO `tipo_cuenta` (`account_id`)
VALUES
  (211),
  (212),
  (213),
  (214),
  (215),
  (216),
  (217),
  (218),
  (219),
  (220);
INSERT INTO `tipo_cuenta` (`account_id`)
VALUES
  (221),
  (222),
  (223),
  (224),
  (225),
  (226),
  (227),
  (228),
  (229),
  (230);
INSERT INTO `tipo_cuenta` (`account_id`)
VALUES
  (231),
  (232),
  (233),
  (234),
  (235),
  (236),
  (237),
  (238),
  (239),
  (240);
INSERT INTO `tipo_cuenta` (`account_id`)
VALUES
  (241),
  (242),
  (243),
  (244),
  (245),
  (246),
  (247),
  (248),
  (249),
  (250);
INSERT INTO `tipo_cuenta` (`account_id`)
VALUES
  (251),
  (252),
  (253),
  (254),
  (255),
  (256),
  (257),
  (258),
  (259),
  (260);
INSERT INTO `tipo_cuenta` (`account_id`)
VALUES
  (261),
  (262),
  (263),
  (264),
  (265),
  (266),
  (267),
  (268),
  (269),
  (270);
INSERT INTO `tipo_cuenta` (`account_id`)
VALUES
  (271),
  (272),
  (273),
  (274),
  (275),
  (276),
  (277),
  (278),
  (279),
  (280);
INSERT INTO `tipo_cuenta` (`account_id`)
VALUES
  (281),
  (282),
  (283),
  (284),
  (285),
  (286),
  (287),
  (288),
  (289),
  (290);
INSERT INTO `tipo_cuenta` (`account_id`)
VALUES
  (291),
  (292),
  (293),
  (294),
  (295),
  (296),
  (297),
  (298),
  (299),
  (300);
INSERT INTO `tipo_cuenta` (`account_id`)
VALUES
  (301),
  (302),
  (303),
  (304),
  (305),
  (306),
  (307),
  (308),
  (309),
  (310);
INSERT INTO `tipo_cuenta` (`account_id`)
VALUES
  (311),
  (312),
  (313),
  (314),
  (315),
  (316),
  (317),
  (318),
  (319),
  (320);
INSERT INTO `tipo_cuenta` (`account_id`)
VALUES
  (321),
  (322),
  (323),
  (324),
  (325),
  (326),
  (327),
  (328),
  (329),
  (330);
INSERT INTO `tipo_cuenta` (`account_id`)
VALUES
  (331),
  (332),
  (333),
  (334),
  (335),
  (336),
  (337),
  (338),
  (339),
  (340);
INSERT INTO `tipo_cuenta` (`account_id`)
VALUES
  (341),
  (342),
  (343),
  (344),
  (345),
  (346),
  (347),
  (348),
  (349),
  (350);
INSERT INTO `tipo_cuenta` (`account_id`)
VALUES
  (351),
  (352),
  (353),
  (354),
  (355),
  (356),
  (357),
  (358),
  (359),
  (360);
INSERT INTO `tipo_cuenta` (`account_id`)
VALUES
  (361),
  (362),
  (363),
  (364),
  (365),
  (366),
  (367),
  (368),
  (369),
  (370);
INSERT INTO `tipo_cuenta` (`account_id`)
VALUES
  (371),
  (372),
  (373),
  (374),
  (375),
  (376),
  (377),
  (378),
  (379),
  (380);
INSERT INTO `tipo_cuenta` (`account_id`)
VALUES
  (381),
  (382),
  (383),
  (384),
  (385),
  (386),
  (387),
  (388),
  (389),
  (390);
INSERT INTO `tipo_cuenta` (`account_id`)
VALUES
  (391),
  (392),
  (393),
  (394),
  (395),
  (396),
  (397),
  (398),
  (399),
  (400);
INSERT INTO `tipo_cuenta` (`account_id`)
VALUES
  (401),
  (402),
  (403),
  (404),
  (405),
  (406),
  (407),
  (408),
  (409),
  (410);
INSERT INTO `tipo_cuenta` (`account_id`)
VALUES
  (411),
  (412),
  (413),
  (414),
  (415),
  (416),
  (417),
  (418),
  (419),
  (420);
INSERT INTO `tipo_cuenta` (`account_id`)
VALUES
  (421),
  (422),
  (423),
  (424),
  (425),
  (426),
  (427),
  (428),
  (429),
  (430);
INSERT INTO `tipo_cuenta` (`account_id`)
VALUES
  (431),
  (432),
  (433),
  (434),
  (435),
  (436),
  (437),
  (438),
  (439),
  (440);
INSERT INTO `tipo_cuenta` (`account_id`)
VALUES
  (441),
  (442),
  (443),
  (444),
  (445),
  (446),
  (447),
  (448),
  (449),
  (450);
INSERT INTO `tipo_cuenta` (`account_id`)
VALUES
  (451),
  (452),
  (453),
  (454),
  (455),
  (456),
  (457),
  (458),
  (459),
  (460);
INSERT INTO `tipo_cuenta` (`account_id`)
VALUES
  (461),
  (462),
  (463),
  (464),
  (465),
  (466),
  (467),
  (468),
  (469),
  (470);
INSERT INTO `tipo_cuenta` (`account_id`)
VALUES
  (471),
  (472),
  (473),
  (474),
  (475),
  (476),
  (477),
  (478),
  (479),
  (480);
INSERT INTO `tipo_cuenta` (`account_id`)
VALUES
  (481),
  (482),
  (483),
  (484),
  (485),
  (486),
  (487),
  (488),
  (489),
  (490);
INSERT INTO `tipo_cuenta` (`account_id`)
VALUES
  (491),
  (492),
  (493),
  (494),
  (495),
  (496),
  (497),
  (498),
  (499),
  (500);

INSERT INTO `tarjeta` (`account_id`,`card_number`,`CVV`,`valid_from`,`expiration_date`,`card_type`)
VALUES
  (494,"4485 5662 8417 8740","214","2009-08-10","2028-09-05","credit"),
  (316,"4532 2563 3842 3960","239","2005-09-14","2023-11-07","credit"),
  (106,"4539 1838 5326 9482","456","2007-01-26","2024-02-03","credit"),
  (301,"4485 4456 5283 5837","354","2000-04-02","2030-01-21","credit"),
  (430,"4716 1475 7313 8132","634","2008-07-30","2028-08-27","credit"),
  (161,"4485 7565 2897 9736","436","2002-09-10","2024-02-26","credit"),
  (60,"4539 6476 3573 4682","750","2014-06-06","2023-01-28","credit"),
  (370,"4485 8845 2438 9419","863","2021-02-14","2023-06-04","credit"),
  (69,"4485 8586 7533 7922","383","2002-01-31","2030-03-17","credit"),
  (389,"4916 7348 7235 3773","563","2003-07-29","2027-02-28","credit");
INSERT INTO `tarjeta` (`account_id`,`card_number`,`CVV`,`valid_from`,`expiration_date`,`card_type`)
VALUES
  (90,"4556 2313 8214 7147","234","2019-12-25","2024-04-30","credit"),
  (265,"4929 7743 5757 5297","752","2012-02-08","2025-05-21","credit"),
  (249,"4916 6782 5161 7359","812","2002-08-20","2027-03-23","credit"),
  (70,"4485 5473 3817 7250","983","2015-10-19","2026-07-13","credit"),
  (249,"4459 1487 2861 3665","481","2001-09-10","2025-08-15","credit"),
  (126,"4556 6678 8213 8336","181","2016-11-22","2026-06-07","credit"),
  (396,"4834 2833 6986 6565","381","2003-09-14","2024-11-01","credit"),
  (107,"4024 0071 6968 9657","456","2017-03-21","2025-06-21","credit"),
  (53,"4556 5418 2172 5273","500","2004-08-09","2023-08-21","credit"),
  (403,"4716 2928 5918 3384","324","2014-10-31","2024-03-28","credit");
INSERT INTO `tarjeta` (`account_id`,`card_number`,`CVV`,`valid_from`,`expiration_date`,`card_type`)
VALUES
  (490,"4916 7869 8566 7549","259","2005-06-13","2030-07-10","credit"),
  (64,"4485 6596 7779 5533","146","2005-07-08","2027-08-22","credit"),
  (5,"4532 2874 6467 1338","514","2016-02-16","2030-02-21","credit"),
  (115,"4556 1545 2488 7745","317","2015-09-27","2027-04-17","credit"),
  (304,"4929 8284 6843 3646","579","2002-09-05","2025-02-24","credit"),
  (342,"4758 5847 7556 8568","388","2012-02-10","2023-01-17","credit"),
  (333,"4485 3588 4894 8762","838","2016-12-01","2028-06-24","credit"),
  (430,"4024 0071 7968 6685","624","2008-01-15","2022-12-25","credit"),
  (201,"4485 6841 9728 2127","139","2004-06-22","2026-05-23","credit"),
  (68,"4024 0071 4767 4268","876","2011-02-11","2022-10-27","credit");
INSERT INTO `tarjeta` (`account_id`,`card_number`,`CVV`,`valid_from`,`expiration_date`,`card_type`)
VALUES
  (410,"4024 0071 6239 8553","540","2012-05-04","2027-02-07","credit"),
  (127,"4716 6667 6388 6523","419","2017-09-14","2025-01-16","credit"),
  (79,"4929 3461 5423 2891","130","2018-12-12","2026-09-03","credit"),
  (412,"4024 0071 7479 2686","485","2006-09-29","2026-11-04","credit"),
  (180,"4485 5681 4337 7638","212","2019-05-20","2029-12-23","credit"),
  (46,"4916 5677 6735 1688","596","2003-05-01","2027-06-04","credit"),
  (47,"4485 4224 8814 8735","970","2014-09-15","2030-11-14","credit"),
  (312,"4485 5692 6765 6427","747","2012-12-29","2029-05-22","credit"),
  (10,"4539 8414 2958 9580","814","2013-10-28","2029-09-02","credit"),
  (290,"4556 2232 5682 3150","755","2007-07-24","2029-05-07","credit");
INSERT INTO `tarjeta` (`account_id`,`card_number`,`CVV`,`valid_from`,`expiration_date`,`card_type`)
VALUES
  (204,"4024 0071 4186 9278","771","2016-05-01","2030-12-26","credit"),
  (254,"4024 0071 7266 8896","337","2017-03-04","2030-02-21","credit"),
  (471,"4485 5689 3596 6325","867","2021-04-20","2027-07-04","credit"),
  (153,"4716 4566 9834 6839","232","2007-05-18","2030-04-30","credit"),
  (41,"4929 2227 3165 4479","672","2009-10-29","2026-01-11","credit"),
  (184,"4716 6757 3452 2265","276","2001-04-10","2024-09-18","credit"),
  (345,"4485 3123 5595 3483","680","2010-03-21","2026-11-15","credit"),
  (23,"4929 7397 1427 3365","663","2007-12-17","2030-06-01","credit"),
  (281,"4024 0071 3324 4720","501","2015-03-19","2027-03-27","credit"),
  (274,"4532 6788 4751 1839","488","2013-05-28","2028-01-15","credit");
INSERT INTO `tarjeta` (`account_id`,`card_number`,`CVV`,`valid_from`,`expiration_date`,`card_type`)
VALUES
  (89,"4556 2845 9394 3291","118","2019-10-03","2026-12-20","credit"),
  (394,"4716 3868 9978 2245","940","2016-03-08","2029-05-07","credit"),
  (435,"4539 6576 1179 2778","728","2005-10-16","2028-08-22","credit"),
  (64,"4556 4931 8293 3460","335","2020-09-29","2027-05-08","credit"),
  (146,"4556 1213 6362 3580","879","2001-10-23","2027-04-04","credit"),
  (332,"4248 5886 9764 4736","155","2009-10-25","2025-02-07","credit"),
  (260,"4485 8451 3822 8830","284","2002-12-26","2028-08-17","credit"),
  (393,"4556 9524 1242 2628","452","2014-04-22","2030-11-12","credit"),
  (197,"4242 3525 4264 3658","781","2015-12-24","2022-11-13","credit"),
  (272,"4532 5875 1968 6870","126","2022-01-25","2022-10-30","credit");
INSERT INTO `tarjeta` (`account_id`,`card_number`,`CVV`,`valid_from`,`expiration_date`,`card_type`)
VALUES
  (354,"4485 3342 8632 2257","909","2005-01-25","2025-06-05","credit"),
  (314,"4916 3656 5642 1385","178","2015-04-28","2026-08-29","credit"),
  (80,"4024 0071 5467 8335","282","2007-12-16","2024-11-08","credit"),
  (426,"4532 4443 6656 7730","616","2009-03-22","2026-10-01","credit"),
  (214,"4549 8666 1851 5284","783","2003-12-30","2029-01-27","credit"),
  (42,"4556 7653 3651 3169","565","2007-02-17","2023-09-04","credit"),
  (145,"4929 5436 1187 4352","441","2001-10-06","2024-08-10","credit"),
  (259,"4916 5645 3372 5469","333","2013-03-03","2028-05-25","credit"),
  (181,"4532 7314 2872 6282","841","2019-02-13","2028-07-25","credit"),
  (163,"4532 2234 5986 8779","153","2007-10-21","2025-10-19","credit");
INSERT INTO `tarjeta` (`account_id`,`card_number`,`CVV`,`valid_from`,`expiration_date`,`card_type`)
VALUES
  (41,"4716 2752 1447 3111","327","2002-04-14","2028-01-27","credit"),
  (396,"4929 6526 4468 3712","255","2005-05-03","2030-12-03","credit"),
  (302,"4532 7747 9614 9638","129","2013-10-22","2023-10-03","credit"),
  (165,"4929 9287 1326 6880","579","2001-11-02","2028-12-13","credit"),
  (492,"4716 4746 3772 5187","491","2009-08-19","2023-10-25","credit"),
  (198,"4539 6388 2763 9763","416","2008-03-04","2029-10-12","credit"),
  (72,"4929 3814 6653 9972","644","2010-09-10","2023-04-01","credit"),
  (94,"4755 6578 1274 6463","400","2014-10-04","2025-11-07","credit"),
  (432,"4539 8715 4861 3151","307","2000-03-27","2027-03-25","credit"),
  (110,"4929 5577 6652 3846","245","2009-02-01","2030-11-13","credit");
INSERT INTO `tarjeta` (`account_id`,`card_number`,`CVV`,`valid_from`,`expiration_date`,`card_type`)
VALUES
  (304,"4485 3884 8923 5278","628","2018-06-23","2023-02-27","credit"),
  (130,"4485 7467 7382 8357","244","2005-04-21","2023-07-19","credit"),
  (350,"4532 2828 4732 7948","544","2012-08-08","2026-05-20","credit"),
  (29,"4929 8726 4153 9788","515","2010-01-23","2026-11-08","credit"),
  (489,"4485 6261 6885 8773","815","2011-05-29","2030-07-25","credit"),
  (154,"4929 9483 4143 7265","843","2013-09-10","2027-05-21","credit"),
  (329,"4478 7738 7674 3993","512","2007-08-15","2028-12-11","credit"),
  (351,"4539 8247 2887 9258","457","2008-10-27","2023-11-23","credit"),
  (170,"4532 2584 7889 5221","626","2009-10-11","2025-10-26","credit"),
  (52,"4929 4632 1768 8934","909","2019-03-30","2023-02-09","credit");
INSERT INTO `tarjeta` (`account_id`,`card_number`,`CVV`,`valid_from`,`expiration_date`,`card_type`)
VALUES
  (308,"4929 9251 7262 5960","708","2009-03-17","2027-03-03","credit"),
  (182,"4024 0071 2872 4520","155","2017-04-07","2023-09-16","credit"),
  (268,"4929 8675 8437 2882","183","2008-11-27","2030-10-13","credit"),
  (419,"4716 6835 7646 6880","596","2011-02-02","2027-07-29","credit"),
  (154,"4539 1416 9546 7862","454","2016-08-20","2028-05-02","credit"),
  (132,"4532 3429 3452 6313","802","2004-06-11","2023-03-21","credit"),
  (311,"4716 8215 8794 6652","867","2019-05-28","2030-10-13","credit"),
  (454,"4357 9667 1875 2554","463","2004-11-07","2029-02-12","credit"),
  (253,"4916 8824 5677 5331","455","2006-01-07","2030-10-13","credit"),
  (26,"4929 4547 6793 7342","373","2010-04-22","2027-01-04","credit");
INSERT INTO `tarjeta` (`account_id`,`card_number`,`CVV`,`valid_from`,`expiration_date`,`card_type`)
VALUES
  (284,"4485 2314 5372 2584","674","2009-06-02","2025-06-19","credit"),
  (90,"4539 2653 5585 6518","969","2006-12-09","2025-10-12","credit"),
  (165,"4916 5949 3372 8789","397","2021-07-30","2030-08-26","credit"),
  (53,"4929 6751 1452 4272","665","2009-03-16","2030-11-04","credit"),
  (46,"4024 0071 4832 2644","282","2020-04-30","2030-04-24","credit"),
  (114,"4916 4654 8522 2374","847","2011-08-16","2029-03-02","credit"),
  (189,"4485 5566 2736 8835","183","2022-02-03","2023-08-11","credit"),
  (282,"4713 2792 3314 4490","141","2016-03-04","2028-09-29","credit"),
  (447,"4532 4869 4518 6441","890","2014-12-15","2025-12-15","credit"),
  (103,"4532 8377 6743 4568","444","2008-06-22","2028-06-05","credit");
INSERT INTO `tarjeta` (`account_id`,`card_number`,`CVV`,`valid_from`,`expiration_date`,`card_type`)
VALUES
  (386,"4916 6676 6348 3641","303","2019-01-30","2027-12-31","credit"),
  (149,"4568 7556 2886 6843","180","2009-11-15","2027-08-16","credit"),
  (176,"4556 7882 6974 5954","169","2016-10-02","2027-06-06","credit"),
  (263,"4716 7194 4536 1579","399","2004-08-03","2024-01-12","credit"),
  (300,"4716 5993 8675 2162","588","2007-11-13","2029-04-10","credit"),
  (342,"4916 9775 2785 9419","729","2011-05-22","2025-01-02","credit"),
  (371,"4485 5354 6528 4320","447","2000-06-09","2028-03-10","credit"),
  (390,"4556 9231 5596 5933","369","2012-05-16","2026-10-22","credit"),
  (6,"4539 5592 1852 6148","162","2002-06-02","2022-10-05","credit"),
  (483,"4539 3234 5852 8490","717","2005-12-16","2026-07-23","credit");
INSERT INTO `tarjeta` (`account_id`,`card_number`,`CVV`,`valid_from`,`expiration_date`,`card_type`)
VALUES
  (394,"4929 4846 3796 3673","668","2018-12-15","2024-10-02","credit"),
  (244,"4556 5967 2475 5736","267","2016-06-14","2025-06-09","credit"),
  (350,"4532 2851 3834 6782","502","2020-05-10","2028-04-08","credit"),
  (265,"4532 7611 8564 8544","460","2002-12-16","2022-11-22","credit"),
  (3,"4024 0071 7368 9354","219","2001-05-30","2026-03-30","credit"),
  (156,"4024 0071 9639 5781","276","2019-11-28","2025-03-04","credit"),
  (249,"4556 5879 5773 5842","384","2000-12-17","2026-02-21","credit"),
  (469,"4539 1667 3447 3381","266","2004-05-20","2023-06-25","credit"),
  (156,"4929 4246 9323 3454","401","2002-07-29","2025-07-18","credit"),
  (377,"4929 2749 8368 6659","608","2014-12-14","2027-01-03","credit");
INSERT INTO `tarjeta` (`account_id`,`card_number`,`CVV`,`valid_from`,`expiration_date`,`card_type`)
VALUES
  (12,"4448 2574 6558 5889","884","2014-02-24","2028-07-26","credit"),
  (164,"4485 6334 4592 8379","351","2020-02-13","2028-12-15","credit"),
  (415,"4929 4666 3265 8564","712","2007-11-25","2026-12-06","credit"),
  (234,"4716 6736 5337 2481","123","2011-09-25","2030-08-22","credit"),
  (489,"4916 8334 8472 9196","957","2017-05-28","2025-07-04","credit"),
  (138,"4539 2686 2624 6519","561","2014-01-22","2028-09-25","credit"),
  (103,"4246 7634 2975 6924","590","2011-01-05","2024-02-14","credit"),
  (42,"4716 7388 9974 5251","954","2017-06-27","2027-04-09","credit"),
  (132,"4916 3522 6232 5325","286","2021-03-08","2027-08-14","credit"),
  (162,"4532 8263 1211 6663","256","2011-01-26","2023-07-02","credit");
INSERT INTO `tarjeta` (`account_id`,`card_number`,`CVV`,`valid_from`,`expiration_date`,`card_type`)
VALUES
  (41,"4789 2962 6737 6730","677","2007-09-17","2025-04-06","credit"),
  (164,"4964 9596 2354 1746","736","2006-10-23","2023-03-15","credit"),
  (92,"4916 1488 2786 9488","197","2013-01-03","2023-07-27","credit"),
  (442,"4539 8947 2878 4840","722","2020-02-14","2026-07-22","credit"),
  (42,"4024 0071 1527 8779","619","2021-11-26","2023-07-15","credit"),
  (153,"4556 9166 1264 7920","840","2005-08-27","2022-10-14","credit"),
  (76,"4716 5569 5466 9848","342","2007-10-31","2023-03-21","credit"),
  (159,"4539 9388 8414 8579","354","2000-04-02","2030-12-04","credit"),
  (428,"4716 2833 8862 5268","864","2021-01-21","2024-04-17","credit"),
  (309,"4929 5563 7744 7791","563","2014-05-08","2022-12-20","credit");
INSERT INTO `tarjeta` (`account_id`,`card_number`,`CVV`,`valid_from`,`expiration_date`,`card_type`)
VALUES
  (425,"4485 3446 3258 7511","963","2001-12-01","2025-07-02","credit"),
  (381,"4539 2753 7258 5578","597","2017-04-22","2028-11-15","credit"),
  (265,"4716 8852 2739 7980","718","2000-01-30","2028-02-07","credit"),
  (460,"4024 0071 5843 5344","462","2008-04-19","2022-09-19","credit"),
  (155,"4716 9434 4185 2148","866","2004-11-20","2022-10-02","credit"),
  (79,"4916 9318 8592 3192","392","2015-10-12","2024-06-28","credit"),
  (315,"4916 4422 9449 5350","774","2013-01-15","2025-03-22","credit"),
  (403,"4716 7613 6695 3232","146","2018-09-04","2028-01-06","credit"),
  (282,"4556 7824 7289 6977","345","2012-05-22","2028-12-12","credit"),
  (291,"4716 3575 1284 2989","233","2019-01-31","2026-11-28","credit");
INSERT INTO `tarjeta` (`account_id`,`card_number`,`CVV`,`valid_from`,`expiration_date`,`card_type`)
VALUES
  (432,"4716 2563 9849 3653","452","2016-12-22","2024-09-27","credit"),
  (118,"4485 5668 3165 6933","367","2007-02-10","2030-12-07","credit"),
  (201,"4485 1246 4563 7622","300","2006-11-28","2027-06-13","credit"),
  (305,"4532 8286 7282 2310","403","2016-04-03","2027-10-14","credit"),
  (46,"4539 5784 1173 2345","967","2019-11-30","2024-03-20","credit"),
  (264,"4785 2644 9669 1380","418","2014-03-31","2023-09-30","credit"),
  (178,"4485 2842 7335 4427","735","2008-04-05","2023-01-28","credit"),
  (271,"4556 4536 2258 3861","678","2005-12-27","2030-09-20","credit"),
  (200,"4556 4766 6497 5471","649","2009-05-04","2029-02-23","credit"),
  (402,"4485 6276 4943 3558","723","2011-01-24","2029-08-15","credit");
INSERT INTO `tarjeta` (`account_id`,`card_number`,`CVV`,`valid_from`,`expiration_date`,`card_type`)
VALUES
  (203,"4485 3632 7349 5545","185","2019-04-27","2024-10-19","credit"),
  (68,"4024 0071 5624 1777","637","2019-08-17","2023-09-16","credit"),
  (26,"4485 5672 8696 8633","706","2019-07-19","2025-06-27","credit"),
  (131,"4024 0071 2963 8398","154","2010-05-29","2026-09-26","credit"),
  (431,"4556 7459 2261 8374","509","2022-01-11","2029-04-28","credit"),
  (392,"4126 6137 2483 7280","494","2010-05-11","2025-04-05","credit"),
  (182,"4556 4517 3158 5728","250","2006-07-12","2023-03-13","credit"),
  (357,"4716 2566 2844 3122","409","2010-11-24","2026-04-26","credit"),
  (187,"4539 8357 7497 5246","810","2011-08-11","2029-08-18","credit"),
  (134,"4556 8324 1533 6241","325","2017-10-25","2029-10-08","credit");
INSERT INTO `tarjeta` (`account_id`,`card_number`,`CVV`,`valid_from`,`expiration_date`,`card_type`)
VALUES
  (138,"4916 3178 6619 5861","649","2012-05-28","2027-10-24","credit"),
  (447,"4556 5453 6254 7376","299","2019-04-03","2024-12-13","credit"),
  (322,"4929 5233 3682 1268","354","2011-12-02","2024-07-19","credit"),
  (94,"4929 7589 8568 9778","922","2003-07-01","2022-10-02","credit"),
  (136,"4556 5414 2798 2526","828","2020-06-18","2028-08-11","credit"),
  (153,"4539 8469 4834 2825","472","2003-03-15","2028-07-19","credit"),
  (415,"4485 5278 3776 5623","449","2012-11-08","2025-02-07","credit"),
  (69,"4863 3232 4519 7282","833","2016-09-05","2028-07-14","credit"),
  (393,"4539 2462 3988 8737","518","2008-04-11","2025-04-20","credit"),
  (331,"4024 0071 6858 9189","894","2013-06-08","2023-04-02","credit");
INSERT INTO `tarjeta` (`account_id`,`card_number`,`CVV`,`valid_from`,`expiration_date`,`card_type`)
VALUES
  (499,"4916 7177 6636 7868","668","2002-07-29","2024-06-30","credit"),
  (314,"4916 3597 4327 8544","407","2003-02-20","2023-01-17","credit"),
  (123,"4916 7625 2496 5868","250","2008-12-12","2023-01-30","credit"),
  (135,"4556 8612 6461 1743","307","2007-01-11","2023-07-26","credit"),
  (246,"4929 3958 9548 7843","445","2007-08-09","2022-11-07","credit"),
  (105,"4539 7676 4354 8856","561","2016-11-09","2028-03-10","credit"),
  (204,"4024 0071 7778 7360","905","2006-08-23","2022-11-06","credit"),
  (96,"4467 4467 2828 5322","143","2017-11-21","2024-12-26","credit"),
  (189,"4024 0071 2355 5317","826","2019-05-07","2027-03-18","credit"),
  (496,"4485 9527 2893 3314","443","2019-02-21","2024-04-22","credit");
INSERT INTO `tarjeta` (`account_id`,`card_number`,`CVV`,`valid_from`,`expiration_date`,`card_type`)
VALUES
  (66,"4622 2592 6843 3828","221","2009-01-27","2025-03-10","credit"),
  (67,"4126 3223 8146 6439","381","2010-12-27","2024-02-18","credit"),
  (341,"4539 7124 4476 4328","642","2003-03-02","2026-06-06","credit"),
  (198,"4929 5131 6597 3132","170","2014-03-27","2024-03-30","credit"),
  (175,"4929 7334 1643 7220","727","2014-04-26","2026-02-19","credit"),
  (93,"4532 4125 8788 3574","567","2008-01-06","2025-05-12","credit"),
  (38,"4556 3334 4976 2213","593","2009-08-03","2028-04-08","credit"),
  (79,"4929 9748 8442 3587","618","2009-03-11","2026-05-23","credit"),
  (410,"4916 6343 5368 3211","329","2009-05-16","2027-01-14","credit"),
  (31,"4779 8646 6272 9183","452","2022-02-20","2029-05-27","credit");
INSERT INTO `tarjeta` (`account_id`,`card_number`,`CVV`,`valid_from`,`expiration_date`,`card_type`)
VALUES
  (207,"4916 5937 7977 9179","857","2000-01-19","2023-12-13","credit"),
  (142,"4929 9472 4325 3895","772","2016-07-09","2026-11-25","credit"),
  (372,"4355 1293 6553 8139","486","2016-10-07","2030-04-13","credit"),
  (285,"4929 8192 8954 7540","668","2009-04-21","2028-03-05","credit"),
  (375,"4916 6848 6438 8735","706","2018-11-17","2026-03-03","credit"),
  (66,"4532 3868 2665 8684","253","2006-04-26","2022-10-31","credit"),
  (320,"4532 2945 9326 9323","324","2011-11-15","2025-02-03","credit"),
  (466,"4532 4763 3665 5542","915","2003-08-28","2023-07-23","credit"),
  (381,"4929 7776 7723 2663","215","2003-06-28","2027-02-27","credit"),
  (39,"4532 2337 4433 9882","734","2004-04-05","2025-10-16","credit");
INSERT INTO `tarjeta` (`account_id`,`card_number`,`CVV`,`valid_from`,`expiration_date`,`card_type`)
VALUES
  (384,"4024 0071 7863 8745","741","2003-09-13","2025-07-02","credit"),
  (16,"4716 6384 4432 9637","839","2008-05-28","2030-01-31","credit"),
  (367,"4532 8222 4363 2126","175","2001-11-19","2028-04-10","credit"),
  (320,"4532 2299 7787 5139","177","2012-03-22","2028-10-30","credit"),
  (316,"4929 2572 5152 5535","547","2022-03-07","2030-10-29","credit"),
  (50,"4532 7265 2478 4367","689","2003-03-12","2027-09-14","credit"),
  (290,"4556 3893 8296 3549","259","2019-04-01","2029-12-11","credit"),
  (149,"4539 3731 6672 5631","841","2015-08-06","2024-03-23","credit"),
  (341,"4024 0071 4447 4886","275","2006-01-16","2028-07-17","credit"),
  (251,"4716 5742 9435 9624","243","2011-06-19","2022-12-14","credit");
INSERT INTO `tarjeta` (`account_id`,`card_number`,`CVV`,`valid_from`,`expiration_date`,`card_type`)
VALUES
  (101,"4485 8866 4545 4410","957","2010-07-21","2025-02-08","credit"),
  (260,"4916 2352 7325 5922","599","2006-06-28","2022-11-05","credit"),
  (125,"4916 4289 7356 6322","604","2012-05-23","2026-01-25","credit"),
  (153,"4024 0071 9763 2380","861","2008-07-15","2028-04-16","credit"),
  (77,"4532 4912 2271 3958","402","2007-01-20","2030-02-09","credit"),
  (129,"4916 6572 1158 8223","776","2011-04-26","2024-02-22","credit"),
  (214,"4539 7446 2146 1469","409","2013-12-31","2023-07-04","credit"),
  (387,"4024 0071 2255 4477","641","2012-09-02","2028-06-04","credit"),
  (268,"4716 1269 4352 8792","742","2002-01-03","2027-09-07","credit"),
  (462,"4532 2354 4876 8332","257","2016-03-15","2024-07-30","credit");
INSERT INTO `tarjeta` (`account_id`,`card_number`,`CVV`,`valid_from`,`expiration_date`,`card_type`)
VALUES
  (480,"4532 2369 4622 5379","484","2015-03-09","2026-10-13","credit"),
  (194,"4024 0071 8927 8457","623","2006-08-24","2025-12-14","credit"),
  (433,"4539 8659 3169 9363","800","2005-07-22","2023-05-30","credit"),
  (71,"4024 0071 3421 3369","526","2021-11-30","2028-07-26","credit"),
  (452,"4342 4356 7378 8340","573","2015-06-20","2028-12-25","credit"),
  (276,"4539 3321 3463 7419","481","2000-10-13","2026-11-11","credit"),
  (108,"4556 6151 8513 2944","178","2004-05-10","2022-12-01","credit"),
  (135,"4539 2996 4574 6270","309","2019-08-17","2026-03-25","credit"),
  (385,"4024 0071 2495 3578","128","2016-08-16","2028-10-11","credit"),
  (377,"4556 9247 5862 5361","724","2007-01-20","2027-02-10","credit");
INSERT INTO `tarjeta` (`account_id`,`card_number`,`CVV`,`valid_from`,`expiration_date`,`card_type`)
VALUES
  (370,"4716 2849 7184 9190","499","2011-04-28","2028-01-17","credit"),
  (243,"4716 5274 8877 7266","499","2009-01-11","2029-12-02","credit"),
  (117,"4929 6334 2737 8381","337","2007-02-10","2026-12-01","credit"),
  (235,"4716 6478 5835 3850","398","2016-09-22","2029-01-21","credit"),
  (391,"4532 1556 3678 7631","165","2020-03-30","2025-07-03","credit"),
  (71,"4532 4423 3657 7672","928","2011-08-04","2022-09-27","credit"),
  (431,"4532 8264 2565 2125","388","2010-04-18","2028-12-17","credit"),
  (57,"4716 8777 6272 2755","253","2001-10-01","2026-06-25","credit"),
  (235,"4539 5554 7666 6824","459","2016-01-13","2030-05-23","credit"),
  (180,"4929 9752 7868 2829","825","2009-02-04","2028-07-28","credit");
INSERT INTO `tarjeta` (`account_id`,`card_number`,`CVV`,`valid_from`,`expiration_date`,`card_type`)
VALUES
  (68,"4539 9753 6947 8691","936","2002-06-05","2030-09-10","credit"),
  (42,"4024 0071 5637 3539","555","2009-11-12","2028-05-30","credit"),
  (215,"4916 2574 4538 2889","643","2020-07-24","2024-10-31","credit"),
  (20,"4485 2348 6627 7170","811","2013-04-28","2029-10-16","credit"),
  (287,"4353 6491 8784 3757","555","2006-06-24","2023-03-13","credit"),
  (113,"4024 0071 4752 3564","265","2013-02-17","2023-12-06","credit"),
  (140,"4556 6516 9363 6332","274","2016-04-24","2026-03-06","credit"),
  (10,"4539 9415 6952 5244","550","2009-05-09","2027-03-11","credit"),
  (201,"4916 5436 6318 9480","891","2013-09-19","2023-05-29","credit"),
  (231,"4485 7519 3354 3466","925","2005-02-18","2030-01-26","credit");
INSERT INTO `tarjeta` (`account_id`,`card_number`,`CVV`,`valid_from`,`expiration_date`,`card_type`)
VALUES
  (363,"4539 4846 6577 7930","304","2009-02-11","2026-12-05","credit"),
  (460,"4024 0071 4547 4646","402","2019-05-16","2028-05-03","credit"),
  (268,"4539 2736 9944 4843","420","2015-02-17","2026-10-07","credit"),
  (457,"4532 5568 6564 5228","677","2021-04-24","2026-08-07","credit"),
  (240,"4485 4135 2735 7759","872","2011-09-21","2025-01-01","credit"),
  (443,"4532 2842 7843 1181","950","2016-09-01","2029-07-05","credit"),
  (232,"4539 1747 7542 9668","725","2012-09-06","2026-06-17","credit"),
  (304,"4024 0071 4448 4117","519","2006-12-28","2024-10-16","credit"),
  (25,"4716 9531 3396 2253","860","2001-09-11","2025-02-08","credit"),
  (290,"4929 4678 8452 9875","965","2001-09-02","2026-04-28","credit");
INSERT INTO `tarjeta` (`account_id`,`card_number`,`CVV`,`valid_from`,`expiration_date`,`card_type`)
VALUES
  (53,"4539 4471 4742 2433","206","2013-05-23","2024-12-17","credit"),
  (77,"4532 2383 5576 1340","512","2019-11-24","2027-08-04","credit"),
  (228,"4485 2733 2878 9489","143","2022-06-13","2023-11-07","credit"),
  (400,"4485 4651 7484 4950","704","2002-07-02","2030-12-14","credit"),
  (226,"4485 4187 4381 4285","224","2014-10-21","2026-11-10","credit"),
  (498,"4539 2872 1556 2474","187","2022-05-31","2026-12-06","credit"),
  (61,"4929 3262 8636 1891","880","2022-02-20","2025-01-23","credit"),
  (460,"4352 3224 1679 6565","932","2002-04-13","2024-10-29","credit"),
  (4,"4716 5849 9286 6267","863","2000-08-21","2027-09-04","credit"),
  (227,"4024 0071 8541 5285","641","2008-01-09","2027-03-02","credit");
INSERT INTO `tarjeta` (`account_id`,`card_number`,`CVV`,`valid_from`,`expiration_date`,`card_type`)
VALUES
  (477,"4776 1558 4768 1750","124","2018-08-20","2025-09-26","credit"),
  (226,"4024 0071 7764 8331","743","2004-10-01","2025-02-24","credit"),
  (171,"4929 8564 1482 8577","344","2006-03-21","2023-07-31","credit"),
  (172,"4532 4264 3317 4863","266","2013-07-06","2023-04-17","credit"),
  (77,"4716 2338 2492 3751","433","2001-02-15","2025-02-08","credit"),
  (250,"4024 0071 2318 8457","620","2008-09-28","2023-03-11","credit"),
  (390,"4532 1318 6218 2854","118","2003-11-13","2022-09-06","credit"),
  (470,"4532 3829 8422 3254","840","2004-01-05","2029-05-08","credit"),
  (235,"4532 3681 7728 5853","890","2018-02-25","2028-05-26","credit"),
  (145,"4916 3257 5886 8743","386","2009-04-28","2029-07-25","credit");
INSERT INTO `tarjeta` (`account_id`,`card_number`,`CVV`,`valid_from`,`expiration_date`,`card_type`)
VALUES
  (385,"4246 9268 4274 8980","176","2002-12-16","2030-01-23","credit"),
  (7,"4929 6427 6274 4420","446","2018-10-08","2028-07-03","credit"),
  (176,"4024 0071 5528 8431","603","2022-06-21","2030-04-16","credit"),
  (38,"4929 6332 4168 8429","972","2020-01-30","2026-11-20","credit"),
  (53,"4916 1358 1523 3777","818","2007-01-23","2029-07-08","credit"),
  (385,"4929 3733 6653 2371","998","2019-02-28","2023-08-30","credit"),
  (123,"4485 6175 7686 7233","893","2022-06-03","2024-12-06","credit"),
  (86,"4485 5276 3886 5267","247","2012-08-11","2028-07-27","credit"),
  (286,"4485 7468 4473 5185","225","2011-12-13","2024-12-27","credit"),
  (327,"4532 9213 9732 8760","276","2018-06-07","2026-04-27","credit");
INSERT INTO `tarjeta` (`account_id`,`card_number`,`CVV`,`valid_from`,`expiration_date`,`card_type`)
VALUES
  (496,"4532 4627 4284 5158","379","2011-04-15","2022-09-16","credit"),
  (280,"4916 7586 2555 6457","141","2017-04-10","2023-11-30","credit"),
  (282,"4916 4861 2689 8620","691","2019-05-23","2026-01-07","credit"),
  (104,"4532 3388 6773 6499","481","2000-06-10","2025-06-12","credit"),
  (324,"4024 0071 7835 6454","276","2003-07-07","2029-09-01","credit"),
  (275,"4539 6683 5614 4273","468","2021-11-03","2025-02-09","credit"),
  (206,"4929 2855 8352 5733","745","2015-03-23","2025-02-23","credit"),
  (304,"4556 4698 7354 8585","706","2021-01-30","2026-07-24","credit"),
  (486,"4485 7497 5276 9550","644","2010-01-25","2029-06-28","credit"),
  (236,"4485 4436 7623 1232","745","2001-02-22","2023-08-21","credit");
INSERT INTO `tarjeta` (`account_id`,`card_number`,`CVV`,`valid_from`,`expiration_date`,`card_type`)
VALUES
  (50,"4485 6828 6364 8878","779","2013-07-19","2030-02-28","credit"),
  (446,"4553 5351 6865 4529","418","2021-05-25","2024-08-03","credit"),
  (25,"4929 5665 6825 8758","956","2012-02-18","2026-01-23","credit"),
  (30,"4532 5326 7639 1955","819","2022-07-06","2024-02-08","credit"),
  (357,"4485 2448 8393 8381","299","2017-05-05","2025-07-20","credit"),
  (230,"4716 3249 7558 3435","224","2010-06-19","2026-05-06","credit"),
  (345,"4539 3685 3986 7581","907","2017-10-06","2030-11-11","credit"),
  (231,"4024 0071 7712 4812","541","2014-01-19","2023-11-02","credit"),
  (414,"4556 5573 9883 4959","453","2021-07-22","2025-11-13","credit"),
  (86,"4558 1547 8422 1369","659","2006-05-10","2028-03-01","credit");
INSERT INTO `tarjeta` (`account_id`,`card_number`,`CVV`,`valid_from`,`expiration_date`,`card_type`)
VALUES
  (149,"4916 3134 3556 3242","919","2007-03-01","2023-12-03","credit"),
  (312,"4716 5634 4869 1313","747","2020-05-21","2028-04-04","credit"),
  (458,"4556 2932 2647 3287","576","2014-03-07","2029-06-12","credit"),
  (486,"4532 9676 3224 9683","254","2018-09-04","2030-10-28","credit"),
  (332,"4024 0071 1257 3289","195","2017-05-10","2029-06-24","credit"),
  (470,"4485 3262 3761 5763","157","2003-05-26","2029-12-15","credit"),
  (19,"4181 2683 5627 9715","306","2019-02-18","2023-12-31","credit"),
  (80,"4716 7138 6661 3345","454","2018-06-14","2026-08-01","credit"),
  (268,"4916 7217 6281 5227","517","2014-03-11","2029-12-18","credit"),
  (72,"4929 7413 9582 3633","234","2010-02-21","2022-11-13","credit");
INSERT INTO `tarjeta` (`account_id`,`card_number`,`CVV`,`valid_from`,`expiration_date`,`card_type`)
VALUES
  (14,"4024 0071 8272 2469","901","2019-05-14","2024-02-06","credit"),
  (10,"4916 6633 5582 4648","785","2018-05-30","2024-04-11","credit"),
  (73,"4866 3525 8762 8320","596","2011-01-23","2028-12-01","credit"),
  (489,"4539 7277 6196 4178","661","2000-10-03","2029-02-14","credit"),
  (336,"4759 3728 4854 7515","628","2015-04-24","2030-04-07","credit"),
  (353,"4916 8338 1224 5865","242","2016-05-11","2025-07-31","credit"),
  (492,"4556 6437 8446 9780","942","2017-04-29","2027-12-04","credit"),
  (242,"4929 1468 8225 6877","324","2021-12-12","2022-09-19","credit"),
  (401,"4539 3738 8573 1233","961","2015-11-30","2022-10-31","credit"),
  (285,"4556 2372 5525 4795","922","2018-03-16","2026-02-09","credit");
INSERT INTO `tarjeta` (`account_id`,`card_number`,`CVV`,`valid_from`,`expiration_date`,`card_type`)
VALUES
  (12,"4485 7465 5293 2875","119","2011-01-22","2029-08-07","credit"),
  (397,"4556 3561 5569 4429","326","2014-11-08","2023-05-09","credit"),
  (256,"4539 7711 3632 7489","430","2010-03-19","2024-09-13","credit"),
  (496,"4716 2765 5534 7351","647","2007-12-01","2028-07-06","credit"),
  (322,"4916 6168 2759 6475","864","2011-03-29","2023-03-15","credit"),
  (492,"4024 0071 9295 4623","120","2007-07-30","2025-12-19","credit"),
  (91,"4916 2852 8933 2629","844","2016-08-03","2022-09-02","credit"),
  (441,"4716 8982 3727 1236","389","2007-05-15","2026-05-31","credit"),
  (235,"4024 0071 7252 2960","217","2015-11-21","2026-12-14","credit"),
  (157,"4916 7178 3399 6160","476","2010-09-14","2030-01-21","credit");
INSERT INTO `tarjeta` (`account_id`,`card_number`,`CVV`,`valid_from`,`expiration_date`,`card_type`)
VALUES
  (114,"4539 7733 3837 7734","742","2019-07-09","2029-07-13","credit"),
  (26,"4485 7677 4862 3467","987","2005-09-28","2027-09-03","credit"),
  (273,"4556 1337 7154 5560","369","2001-09-24","2024-03-13","credit"),
  (480,"4539 2165 4952 6962","510","2021-04-25","2028-01-05","credit"),
  (324,"4929 8186 9813 6184","118","2016-06-19","2023-03-08","credit"),
  (410,"4716 6412 6665 4470","919","2001-10-25","2024-07-13","credit"),
  (40,"4929 2515 5675 4130","139","2008-12-24","2029-06-26","credit"),
  (266,"4916 7184 2338 3322","846","2017-09-12","2028-05-08","credit"),
  (494,"4532 6853 5565 7763","384","2013-06-21","2030-01-11","credit"),
  (50,"4485 7886 3378 3877","656","2021-07-09","2025-01-15","credit");
INSERT INTO `tarjeta` (`account_id`,`card_number`,`CVV`,`valid_from`,`expiration_date`,`card_type`)
VALUES
  (374,"4929 1663 9661 8354","372","2013-03-04","2027-01-07","credit"),
  (354,"4716 5556 8412 6723","120","2011-03-15","2028-10-22","credit"),
  (257,"4716 7692 8353 4977","573","2016-11-11","2028-05-19","credit"),
  (355,"4916 5948 3443 7852","986","2016-06-12","2030-09-24","credit"),
  (298,"4485 1443 4756 2571","298","2013-11-16","2023-02-15","credit"),
  (2,"4563 4817 5973 6953","202","2007-07-20","2026-01-23","credit"),
  (387,"4716 2513 6276 7463","536","2016-01-17","2024-07-03","credit"),
  (338,"4916 5335 1737 5286","712","2018-10-18","2028-10-12","credit"),
  (245,"4556 3359 2834 8679","790","2004-12-22","2029-01-03","credit"),
  (474,"4024 0071 3622 7250","669","2009-07-13","2026-11-15","credit");
INSERT INTO `tarjeta` (`account_id`,`card_number`,`CVV`,`valid_from`,`expiration_date`,`card_type`)
VALUES
  (81,"4532 5453 1756 6223","904","2020-08-09","2028-02-18","credit"),
  (135,"4929 5775 6122 8516","545","2007-04-09","2028-09-13","credit"),
  (88,"4485 6358 7675 6120","798","2002-03-24","2027-11-06","credit"),
  (120,"4532 7897 6894 2380","280","2004-04-19","2028-02-08","credit"),
  (197,"4716 3365 4493 6555","481","2020-06-13","2023-08-01","credit"),
  (247,"4231 5384 6173 4394","698","2013-11-12","2023-10-12","credit"),
  (210,"4024 0071 7373 8516","670","2010-09-27","2027-05-08","credit"),
  (384,"4532 8177 6661 9385","188","2000-01-01","2029-06-10","credit"),
  (69,"4716 9432 7255 2163","942","2004-12-02","2026-11-18","credit"),
  (199,"4485 9142 3881 9334","334","2007-03-22","2030-04-09","credit");
INSERT INTO `tarjeta` (`account_id`,`card_number`,`CVV`,`valid_from`,`expiration_date`,`card_type`)
VALUES
  (335,"4716 7558 2143 1420","147","2002-08-25","2025-05-02","credit"),
  (116,"4024 0071 3793 6339","373","2019-01-28","2023-10-14","credit"),
  (381,"4716 6476 7649 6360","604","2004-03-02","2023-01-12","credit"),
  (162,"4883 8736 2671 3848","852","2022-06-21","2027-05-03","credit"),
  (64,"4716 7338 8219 4484","834","2009-04-25","2028-06-05","credit"),
  (108,"4716 4941 7235 4276","260","2012-07-19","2030-02-22","credit"),
  (497,"4916 4254 3658 4298","554","2005-06-12","2026-09-26","credit"),
  (265,"4539 7584 5374 2887","959","2009-10-15","2023-10-04","credit"),
  (138,"4532 1725 3676 7456","307","2000-02-23","2028-08-25","credit"),
  (313,"4929 1737 4248 7542","416","2007-08-21","2025-11-12","credit");
INSERT INTO `tarjeta` (`account_id`,`card_number`,`CVV`,`valid_from`,`expiration_date`,`card_type`)
VALUES
  (32,"4485 3112 5639 2783","741","2007-05-09","2029-07-14","credit"),
  (431,"4929 2238 7465 9374","874","2018-06-29","2023-11-19","credit"),
  (224,"4929 4665 2895 3699","814","2001-05-27","2024-08-04","credit"),
  (132,"4539 2374 8866 3244","818","2008-07-01","2024-02-13","credit"),
  (22,"4929 8832 4253 1751","276","2020-06-23","2023-03-17","credit"),
  (7,"4916 7214 6666 7833","333","2014-05-08","2028-04-07","credit"),
  (494,"4539 9114 4445 6451","241","2011-04-29","2024-03-14","credit"),
  (285,"4539 6677 2663 7479","190","2006-04-24","2026-04-02","credit"),
  (310,"4024 0071 2872 1443","560","2019-02-16","2025-09-11","credit"),
  (104,"4556 6768 6712 7487","267","2003-03-30","2024-10-11","credit");
INSERT INTO `tarjeta` (`account_id`,`card_number`,`CVV`,`valid_from`,`expiration_date`,`card_type`)
VALUES
  (243,"4716 5674 8551 3694","199","2015-04-10","2022-11-09","credit"),
  (103,"4532 4356 4315 1439","376","2004-02-23","2027-12-28","credit"),
  (282,"4716 1237 6632 6750","916","2008-12-11","2026-05-31","credit"),
  (191,"4716 5725 6865 7665","979","2001-05-07","2023-09-08","credit"),
  (401,"4532 6638 3492 4351","932","2021-01-14","2028-06-05","credit"),
  (60,"4024 0071 8873 7446","654","2015-01-01","2024-02-20","credit"),
  (285,"4532 5421 8879 5742","751","2014-07-18","2026-09-14","credit"),
  (214,"4485 4447 1756 6537","513","2001-02-09","2024-01-08","credit"),
  (295,"4539 3833 5443 4367","335","2015-12-16","2029-10-26","credit"),
  (226,"4916 4794 1932 9510","239","2015-02-06","2028-11-06","credit");
INSERT INTO `tarjeta` (`account_id`,`card_number`,`CVV`,`valid_from`,`expiration_date`,`card_type`)
VALUES
  (281,"4916 3147 7531 3644","811","2017-01-03","2027-05-12","credit"),
  (264,"4556 6884 5588 7745","912","2006-07-18","2023-07-30","credit"),
  (354,"4556 4663 9669 5653","632","2007-09-27","2023-09-15","credit"),
  (45,"4832 4323 4728 9141","499","2017-02-19","2030-11-08","credit"),
  (415,"4532 6846 7667 3450","754","2008-06-27","2030-09-06","credit"),
  (233,"4929 6417 5185 3838","814","2003-10-21","2027-09-19","credit"),
  (431,"4929 6584 6536 4589","918","2008-02-11","2028-08-06","credit"),
  (187,"4485 4175 7262 7263","871","2005-05-05","2023-04-26","credit"),
  (304,"4556 5288 7471 1664","544","2017-10-01","2027-09-28","credit"),
  (271,"4539 9224 2622 2480","657","2014-03-10","2023-10-26","credit");
INSERT INTO `tarjeta` (`account_id`,`card_number`,`CVV`,`valid_from`,`expiration_date`,`card_type`)
VALUES
  (402,"4716 2154 3935 4159","273","2011-10-20","2030-02-14","credit"),
  (143,"4539 5616 4216 2821","950","2003-01-07","2030-10-14","credit"),
  (312,"4539 3486 4295 9657","800","2012-10-14","2024-03-30","credit"),
  (73,"4916 8386 4793 6877","630","2020-09-11","2025-08-24","credit"),
  (326,"4847 5552 7298 3917","124","2010-02-27","2028-05-31","credit"),
  (328,"4532 8714 6521 8825","911","2009-04-11","2027-11-24","credit"),
  (479,"4539 6725 7626 9753","606","2020-07-21","2025-07-24","credit"),
  (400,"4024 0071 6165 3396","778","2012-07-02","2030-10-19","credit"),
  (268,"4485 8157 4652 8723","349","2002-10-21","2026-08-21","credit"),
  (335,"4314 6836 9354 7428","683","2017-10-01","2027-06-05","credit");
INSERT INTO `tarjeta` (`account_id`,`card_number`,`CVV`,`valid_from`,`expiration_date`,`card_type`)
VALUES
  (398,"4916 2943 4365 4481","295","2009-04-29","2024-10-23","credit"),
  (419,"4532 8599 4851 2625","351","2006-03-03","2030-10-07","credit"),
  (318,"4485 8552 3525 4357","900","2007-01-28","2023-04-16","credit"),
  (245,"4929 8746 6958 5495","965","2015-03-16","2028-07-09","credit"),
  (149,"4716 4156 5456 8752","889","2000-04-01","2028-09-19","credit"),
  (402,"4532 6442 8248 4726","813","2011-04-06","2025-05-07","credit"),
  (475,"4024 0071 5549 2975","334","2017-06-16","2029-03-07","credit"),
  (172,"4916 3859 4434 4488","448","2011-11-21","2023-09-01","credit"),
  (67,"4024 0071 4792 5678","281","2016-05-19","2023-05-12","credit"),
  (121,"4532 9763 3582 8370","539","2011-12-25","2024-08-02","credit");
INSERT INTO `tarjeta` (`account_id`,`card_number`,`CVV`,`valid_from`,`expiration_date`,`card_type`)
VALUES
  (420,"4532 2583 8745 6396","268","2000-03-11","2023-09-17","credit"),
  (381,"4485 4115 1776 2269","695","2019-11-11","2029-05-01","credit"),
  (299,"4929 2173 7167 4894","275","2013-04-20","2026-10-01","credit"),
  (41,"4929 2439 7246 5326","483","2012-05-31","2025-12-05","credit"),
  (368,"4716 6848 8528 2372","120","2006-08-23","2029-12-23","credit"),
  (121,"4539 4478 6757 8265","960","2002-04-23","2029-02-19","credit"),
  (92,"4556 5827 5241 5138","503","2011-06-03","2024-02-12","credit"),
  (471,"4539 3666 2693 8570","960","2020-05-05","2028-02-13","credit"),
  (218,"4916 9727 2888 8259","891","2011-11-01","2029-01-21","credit"),
  (260,"4485 7781 8176 8636","533","2015-12-26","2023-03-24","credit");
INSERT INTO `tarjeta` (`account_id`,`card_number`,`CVV`,`valid_from`,`expiration_date`,`card_type`)
VALUES
  (132,"4024 0071 6658 9850","663","2000-08-26","2023-06-23","credit"),
  (323,"4532 3185 4865 6373","634","2011-08-23","2028-05-01","credit"),
  (306,"4024 0071 3176 5437","141","2007-04-18","2023-05-30","credit"),
  (266,"4532 3592 6747 4465","668","2019-04-09","2027-12-07","credit"),
  (62,"4716 8682 3573 2828","575","2011-12-21","2027-07-14","credit"),
  (493,"4539 9232 3635 2996","391","2018-12-07","2028-09-08","credit"),
  (265,"4716 4324 4157 2591","207","2020-09-04","2029-01-04","credit"),
  (476,"4878 3364 4668 7623","228","2009-02-20","2026-12-20","credit"),
  (170,"4532 3358 4365 7633","722","2020-11-14","2027-02-06","credit"),
  (422,"4659 4656 7262 2528","378","2006-12-04","2027-03-23","credit");
INSERT INTO `tarjeta` (`account_id`,`card_number`,`CVV`,`valid_from`,`expiration_date`,`card_type`)
VALUES
  (156,"4556 7386 4756 2431","489","2005-03-04","2027-05-30","credit"),
  (390,"4916 7873 7322 8324","710","2008-04-15","2030-12-07","credit"),
  (146,"4929 4482 4669 4144","241","2011-01-01","2028-01-27","credit"),
  (66,"4532 4437 7473 8164","785","2007-05-29","2030-11-03","credit"),
  (109,"4916 6232 3624 3525","496","2017-07-24","2025-10-27","credit"),
  (270,"4556 4421 5683 8775","342","2002-09-30","2023-07-26","credit"),
  (338,"4929 1692 4124 5381","127","2020-04-11","2027-05-15","credit"),
  (334,"4373 3229 3184 2980","584","2007-10-07","2029-10-28","credit"),
  (191,"4485 1983 7674 8527","954","2016-08-16","2027-08-28","credit"),
  (355,"4024 0071 3236 2481","741","2006-03-31","2023-10-03","credit");
INSERT INTO `tarjeta` (`account_id`,`card_number`,`CVV`,`valid_from`,`expiration_date`,`card_type`)
VALUES
  (193,"4024 0071 5678 3745","736","2021-12-16","2025-08-18","credit"),
  (227,"4929 1658 3352 5636","493","2010-11-28","2029-05-15","credit"),
  (32,"4532 8444 8741 5224","751","2007-02-22","2030-07-10","credit"),
  (329,"4929 6381 6862 4232","970","2011-01-04","2025-01-18","credit"),
  (415,"4539 8362 4525 4658","351","2006-03-24","2024-10-30","credit"),
  (318,"4485 4418 1571 3854","985","2011-12-26","2028-09-29","credit"),
  (421,"4024 0071 2462 1654","496","2006-12-27","2024-11-26","credit"),
  (113,"4716 8887 3883 3832","817","2018-03-26","2028-01-02","credit"),
  (373,"4024 0071 5571 6910","838","2019-10-07","2026-06-03","credit"),
  (449,"4916 7471 2181 7224","324","2014-10-22","2030-05-13","credit");
INSERT INTO `tarjeta` (`account_id`,`card_number`,`CVV`,`valid_from`,`expiration_date`,`card_type`)
VALUES
  (211,"4532 1533 3859 1278","838","2012-06-09","2025-12-31","credit"),
  (50,"4532 3778 5212 8379","589","2013-08-03","2028-12-23","credit"),
  (250,"4532 2757 8427 5369","503","2010-04-26","2028-03-16","credit"),
  (253,"4532 5736 1447 7779","231","2002-02-16","2029-01-30","credit"),
  (5,"4716 9585 6167 1730","771","2019-08-09","2027-11-14","credit"),
  (155,"4716 8844 8627 6381","533","2004-12-31","2023-06-13","credit"),
  (325,"4556 6983 5868 9361","389","2003-11-15","2027-07-20","credit"),
  (169,"4485 5433 9143 4381","311","2014-03-23","2026-03-25","credit"),
  (452,"4024 0071 9396 7996","980","2001-04-04","2027-07-13","credit"),
  (258,"4556 8826 8265 8181","627","2019-01-09","2024-05-05","credit");


INSERT INTO `marca_tarjeta` (`card_id`)
VALUES
  (1),
  (2),
  (3),
  (4),
  (5),
  (6),
  (7),
  (8),
  (9),
  (10);
INSERT INTO `marca_tarjeta` (`card_id`)
VALUES
  (11),
  (12),
  (13),
  (14),
  (15),
  (16),
  (17),
  (18),
  (19),
  (20);
INSERT INTO `marca_tarjeta` (`card_id`)
VALUES
  (21),
  (22),
  (23),
  (24),
  (25),
  (26),
  (27),
  (28),
  (29),
  (30);
INSERT INTO `marca_tarjeta` (`card_id`)
VALUES
  (31),
  (32),
  (33),
  (34),
  (35),
  (36),
  (37),
  (38),
  (39),
  (40);
INSERT INTO `marca_tarjeta` (`card_id`)
VALUES
  (41),
  (42),
  (43),
  (44),
  (45),
  (46),
  (47),
  (48),
  (49),
  (50);
INSERT INTO `marca_tarjeta` (`card_id`)
VALUES
  (51),
  (52),
  (53),
  (54),
  (55),
  (56),
  (57),
  (58),
  (59),
  (60);
INSERT INTO `marca_tarjeta` (`card_id`)
VALUES
  (61),
  (62),
  (63),
  (64),
  (65),
  (66),
  (67),
  (68),
  (69),
  (70);
INSERT INTO `marca_tarjeta` (`card_id`)
VALUES
  (71),
  (72),
  (73),
  (74),
  (75),
  (76),
  (77),
  (78),
  (79),
  (80);
INSERT INTO `marca_tarjeta` (`card_id`)
VALUES
  (81),
  (82),
  (83),
  (84),
  (85),
  (86),
  (87),
  (88),
  (89),
  (90);
INSERT INTO `marca_tarjeta` (`card_id`)
VALUES
  (91),
  (92),
  (93),
  (94),
  (95),
  (96),
  (97),
  (98),
  (99),
  (100);
INSERT INTO `marca_tarjeta` (`card_id`)
VALUES
  (101),
  (102),
  (103),
  (104),
  (105),
  (106),
  (107),
  (108),
  (109),
  (110);
INSERT INTO `marca_tarjeta` (`card_id`)
VALUES
  (111),
  (112),
  (113),
  (114),
  (115),
  (116),
  (117),
  (118),
  (119),
  (120);
INSERT INTO `marca_tarjeta` (`card_id`)
VALUES
  (121),
  (122),
  (123),
  (124),
  (125),
  (126),
  (127),
  (128),
  (129),
  (130);
INSERT INTO `marca_tarjeta` (`card_id`)
VALUES
  (131),
  (132),
  (133),
  (134),
  (135),
  (136),
  (137),
  (138),
  (139),
  (140);
INSERT INTO `marca_tarjeta` (`card_id`)
VALUES
  (141),
  (142),
  (143),
  (144),
  (145),
  (146),
  (147),
  (148),
  (149),
  (150);
INSERT INTO `marca_tarjeta` (`card_id`)
VALUES
  (151),
  (152),
  (153),
  (154),
  (155),
  (156),
  (157),
  (158),
  (159),
  (160);
INSERT INTO `marca_tarjeta` (`card_id`)
VALUES
  (161),
  (162),
  (163),
  (164),
  (165),
  (166),
  (167),
  (168),
  (169),
  (170);
INSERT INTO `marca_tarjeta` (`card_id`)
VALUES
  (171),
  (172),
  (173),
  (174),
  (175),
  (176),
  (177),
  (178),
  (179),
  (180);
INSERT INTO `marca_tarjeta` (`card_id`)
VALUES
  (181),
  (182),
  (183),
  (184),
  (185),
  (186),
  (187),
  (188),
  (189),
  (190);
INSERT INTO `marca_tarjeta` (`card_id`)
VALUES
  (191),
  (192),
  (193),
  (194),
  (195),
  (196),
  (197),
  (198),
  (199),
  (200);
INSERT INTO `marca_tarjeta` (`card_id`)
VALUES
  (201),
  (202),
  (203),
  (204),
  (205),
  (206),
  (207),
  (208),
  (209),
  (210);
INSERT INTO `marca_tarjeta` (`card_id`)
VALUES
  (211),
  (212),
  (213),
  (214),
  (215),
  (216),
  (217),
  (218),
  (219),
  (220);
INSERT INTO `marca_tarjeta` (`card_id`)
VALUES
  (221),
  (222),
  (223),
  (224),
  (225),
  (226),
  (227),
  (228),
  (229),
  (230);
INSERT INTO `marca_tarjeta` (`card_id`)
VALUES
  (231),
  (232),
  (233),
  (234),
  (235),
  (236),
  (237),
  (238),
  (239),
  (240);
INSERT INTO `marca_tarjeta` (`card_id`)
VALUES
  (241),
  (242),
  (243),
  (244),
  (245),
  (246),
  (247),
  (248),
  (249),
  (250);
INSERT INTO `marca_tarjeta` (`card_id`)
VALUES
  (251),
  (252),
  (253),
  (254),
  (255),
  (256),
  (257),
  (258),
  (259),
  (260);
INSERT INTO `marca_tarjeta` (`card_id`)
VALUES
  (261),
  (262),
  (263),
  (264),
  (265),
  (266),
  (267),
  (268),
  (269),
  (270);
INSERT INTO `marca_tarjeta` (`card_id`)
VALUES
  (271),
  (272),
  (273),
  (274),
  (275),
  (276),
  (277),
  (278),
  (279),
  (280);
INSERT INTO `marca_tarjeta` (`card_id`)
VALUES
  (281),
  (282),
  (283),
  (284),
  (285),
  (286),
  (287),
  (288),
  (289),
  (290);
INSERT INTO `marca_tarjeta` (`card_id`)
VALUES
  (291),
  (292),
  (293),
  (294),
  (295),
  (296),
  (297),
  (298),
  (299),
  (300);
INSERT INTO `marca_tarjeta` (`card_id`)
VALUES
  (301),
  (302),
  (303),
  (304),
  (305),
  (306),
  (307),
  (308),
  (309),
  (310);
INSERT INTO `marca_tarjeta` (`card_id`)
VALUES
  (311),
  (312),
  (313),
  (314),
  (315),
  (316),
  (317),
  (318),
  (319),
  (320);
INSERT INTO `marca_tarjeta` (`card_id`)
VALUES
  (321),
  (322),
  (323),
  (324),
  (325),
  (326),
  (327),
  (328),
  (329),
  (330);
INSERT INTO `marca_tarjeta` (`card_id`)
VALUES
  (331),
  (332),
  (333),
  (334),
  (335),
  (336),
  (337),
  (338),
  (339),
  (340);
INSERT INTO `marca_tarjeta` (`card_id`)
VALUES
  (341),
  (342),
  (343),
  (344),
  (345),
  (346),
  (347),
  (348),
  (349),
  (350);
INSERT INTO `marca_tarjeta` (`card_id`)
VALUES
  (351),
  (352),
  (353),
  (354),
  (355),
  (356),
  (357),
  (358),
  (359),
  (360);
INSERT INTO `marca_tarjeta` (`card_id`)
VALUES
  (361),
  (362),
  (363),
  (364),
  (365),
  (366),
  (367),
  (368),
  (369),
  (370);
INSERT INTO `marca_tarjeta` (`card_id`)
VALUES
  (371),
  (372),
  (373),
  (374),
  (375),
  (376),
  (377),
  (378),
  (379),
  (380);
INSERT INTO `marca_tarjeta` (`card_id`)
VALUES
  (381),
  (382),
  (383),
  (384),
  (385),
  (386),
  (387),
  (388),
  (389),
  (390);
INSERT INTO `marca_tarjeta` (`card_id`)
VALUES
  (391),
  (392),
  (393),
  (394),
  (395),
  (396),
  (397),
  (398),
  (399),
  (400);
INSERT INTO `marca_tarjeta` (`card_id`)
VALUES
  (401),
  (402),
  (403),
  (404),
  (405),
  (406),
  (407),
  (408),
  (409),
  (410);
INSERT INTO `marca_tarjeta` (`card_id`)
VALUES
  (411),
  (412),
  (413),
  (414),
  (415),
  (416),
  (417),
  (418),
  (419),
  (420);
INSERT INTO `marca_tarjeta` (`card_id`)
VALUES
  (421),
  (422),
  (423),
  (424),
  (425),
  (426),
  (427),
  (428),
  (429),
  (430);
INSERT INTO `marca_tarjeta` (`card_id`)
VALUES
  (431),
  (432),
  (433),
  (434),
  (435),
  (436),
  (437),
  (438),
  (439),
  (440);
INSERT INTO `marca_tarjeta` (`card_id`)
VALUES
  (441),
  (442),
  (443),
  (444),
  (445),
  (446),
  (447),
  (448),
  (449),
  (450);
INSERT INTO `marca_tarjeta` (`card_id`)
VALUES
  (451),
  (452),
  (453),
  (454),
  (455),
  (456),
  (457),
  (458),
  (459),
  (460);
INSERT INTO `marca_tarjeta` (`card_id`)
VALUES
  (461),
  (462),
  (463),
  (464),
  (465),
  (466),
  (467),
  (468),
  (469),
  (470);
INSERT INTO `marca_tarjeta` (`card_id`)
VALUES
  (471),
  (472),
  (473),
  (474),
  (475),
  (476),
  (477),
  (478),
  (479),
  (480);
INSERT INTO `marca_tarjeta` (`card_id`)
VALUES
  (481),
  (482),
  (483),
  (484),
  (485),
  (486),
  (487),
  (488),
  (489),
  (490);
INSERT INTO `marca_tarjeta` (`card_id`)
VALUES
  (491),
  (492),
  (493),
  (494),
  (495),
  (496),
  (497),
  (498),
  (499),
  (500);


-- lo seteo a gold cuando tienen mas de una cuenta o tiene una cuenta corriente
UPDATE tipo_cliente 
SET cu_type = 'GOLD'
WHERE customer_id IN (SELECT customer_id FROM cuenta GROUP BY customer_id HAVING COUNT(customer_id) > 1 );

UPDATE tipo_cliente 
SET cu_type = 'GOLD'
WHERE customer_id IN (SELECT customer_id FROM cuenta GROUP BY customer_id HAVING COUNT(customer_id) = 1 )
AND EXISTS (SELECT customer_id FROM cuenta WHERE balance < 0 AND customer_id = tipo_cliente.customer_id);

-- lo seteo a black cuando tienen mas de dos cuentas
UPDATE tipo_cliente 
SET cu_type = 'BLACK'
WHERE customer_id IN (SELECT customer_id FROM cuenta GROUP BY customer_id HAVING COUNT(customer_id) > 2 );

-- la seteo como CC cuando posee saldo negativo
UPDATE tipo_cuenta 
SET ac_type = 'Cuenta Corriente'
WHERE account_id IN (SELECT account_id FROM cuenta WHERE balance < 0);

-- la seteo como dolares cuando un cliente tiene mas de una caja de ahorro y es positiva 
UPDATE tipo_cuenta 
SET ac_type = 'Caja de ahorro en dólares'
WHERE account_id IN (SELECT account_id FROM cuenta WHERE balance > 0 GROUP BY customer_id HAVING COUNT(customer_id) > 1);

-- la seteo como master cuando es una cc 
UPDATE marca_tarjeta 
SET card_brand = 'MASTERCARD'
WHERE card_id IN (SELECT card_id FROM tarjeta WHERE account_id IN (SELECT account_id FROM tipo_cuenta WHERE ac_type = 'Cuenta Corriente'));

-- y amex cuando es dolares
UPDATE marca_tarjeta 
SET card_brand = 'AMERICAN EXPRESS'
WHERE card_id IN (SELECT card_id FROM tarjeta WHERE account_id IN (SELECT account_id FROM tipo_cuenta WHERE ac_type = 'Caja de ahorro en dólares'));

-- asocio el customer_id de las tarjetas segun corresponde
UPDATE tarjeta
SET customer_id = (SELECT customer_id FROM cuenta WHERE account_id = tarjeta.account_id);


-- creo la tabla direccion
CREATE TABLE direccion ( 
	address_id INTEGER PRIMARY KEY AUTOINCREMENT,
	address TEXT NOT NULL,
	postal_zip TEXT NOT NULL,
	city TEXT NOT NULL,
	state TEXT NOT NULL,
	country TEXT NOT NULL,
    branch_id INTEGER,
    customer_id INTEGER,
    employee_id INTEGER,
    FOREIGN KEY (branch_id) REFERENCES sucursal(branch_id),
    FOREIGN KEY (customer_id) REFERENCES cliente(customer_id),
    FOREIGN KEY (employee_id) REFERENCES empleado(employee_id)
);

-- inserto las direcciones 
INSERT INTO `direccion` (`address`,`postal_zip`,`city`,`state`,`country`,`branch_id`)
VALUES
  ("2953 Sem Rd.","2628 SR","Enschede","Overijssel","Netherlands",1),
  ("P.O. Box 867, 2581 Ante Rd.","273362","Awka","Anambra","Nigeria",2),
  ("420-5381 Nonummy Av.","7233","Santiago","Cagayan Valley","Philippines",3),
  ("500-376 Turpis Road","34601","Akhisar","Manisa","Turkey",4),
  ("997-7162 Tellus Rd.","48526","Santo Stefano Quisquina","Sicilia","Italy",5),
  ("264-1071 Sed Av.","1733","Steyr","Upper Austria","Austria",6),
  ("452-8923 In St.","89-858","Elbląg","Warmińsko-mazurskie","Poland",7),
  ("Ap #561-3726 Parturient St.","0432 DK","Leersum","Utrecht","Netherlands",8),
  ("Ap #560-7192 Id Av.","5234","Canberra","Australian Capital Territory","Australia",9),
  ("6849 Metus. Avenue","8987 PI","Utrecht","Utrecht","Netherlands",10);
INSERT INTO `direccion` (`address`,`postal_zip`,`city`,`state`,`country`,`branch_id`)
VALUES
  ("Ap #763-8770 In Rd.","24765","Ludvika","Dalarnas län","Sweden",11),
  ("835-7754 Aliquam St.","38877","Pazarcık","Kahramanmaraş","Turkey",12),
  ("5664 Egestas Rd.","366895","Kano","Kano","Nigeria",13),
  ("6762 Adipiscing St.","97935","Offida","Marche","Italy",14),
  ("Ap #246-5889 Lobortis Road","977321","Mandya","Karnataka","India",15),
  ("Ap #163-9391 Luctus St.","75702","Vannes","Bretagne","France",16),
  ("140-8033 Taciti Avenue","84-53","Khrustalnyi","Luhansk oblast","Ukraine",17),
  ("808-3211 Lacinia St.","5260-2968","Secunda","Mpumalanga","South Africa",18),
  ("P.O. Box 712, 4298 Vestibulum, Rd.","300383","Tula","Tula Oblast","Russian Federation",19),
  ("Ap #694-5802 Bibendum Avenue","04008","Brive-la-Gaillarde","Limousin","France",20);
INSERT INTO `direccion` (`address`,`postal_zip`,`city`,`state`,`country`,`branch_id`)
VALUES
  ("P.O. Box 717, 4084 Varius. Ave","2870","Varsenare","West-Vlaanderen","Belgium",21),
  ("9484 Tempus, Street","77757","Aubagne","Provence-Alpes-Côte d'Azur","France",22),
  ("Ap #313-4137 Mus. Ave","3213","Wolfurt","Vorarlberg","Austria",23),
  ("P.O. Box 601, 4740 Neque St.","1759","Whakatane","North Island","New Zealand",24),
  ("Ap #996-7227 Neque Street","26658-87046","Juárez","Chihuahua","Mexico",25),
  ("680-6986 In St.","25696","Chimbote","Ancash","Peru",26),
  ("3082 Congue Road","65911-614","São Luís","Maranhão","Brazil",27),
  ("Ap #169-7557 Semper St.","R2C 5L4","Fredericton","New Brunswick","Canada",28),
  ("Ap #372-3558 Aliquet, Road","97-15","Donetsk","Donetsk oblast","Ukraine",29),
  ("Ap #484-5347 Orci Avenue","981836","Simpang","North Region","Singapore",30);
INSERT INTO `direccion` (`address`,`postal_zip`,`city`,`state`,`country`,`branch_id`)
VALUES
  ("Ap #165-2018 Egestas, Road","24772","Bafra","Samsun","Turkey",31),
  ("358-6759 Penatibus Rd.","51718","Liberia","Guanacaste","Costa Rica",32),
  ("875-3949 Nunc. Street","603088","Nizhny","Nizhny Novgorod Oblast","Russian Federation",33),
  ("458-1744 Hendrerit. St.","2681-7310","Parys","Free State","South Africa",34),
  ("P.O. Box 780, 5340 Nulla. St.","467643","Itagüí","Antioquia","Colombia",35),
  ("Ap #780-4300 Libero Rd.","16483","Karapınar","Konya","Turkey",36),
  ("P.O. Box 105, 5714 Sollicitudin St.","470487","Jiangsu","Huádōng","China",37),
  ("Ap #457-1621 Elit. Ave","26115-64319","Oaxaca","Oaxaca","Mexico",38),
  ("Ap #193-3678 Tellus. Street","587322","Quintero","Valparaíso","Chile",39),
  ("Ap #388-6414 Venenatis Av.","61808","Tidore","North Maluku","Indonesia",40);
INSERT INTO `direccion` (`address`,`postal_zip`,`city`,`state`,`country`,`branch_id`)
VALUES
  ("Ap #867-1290 Vestibulum Ave","9712 BP","Almelo","Overijssel","Netherlands",41),
  ("Ap #192-1069 Tempor Rd.","66-551","Gliwice","Sląskie","Poland",42),
  ("Ap #392-1489 Pede. Av.","68533","Istres","Provence-Alpes-Côte d'Azur","France",43),
  ("Ap #797-5046 Ut Rd.","L1H 5G7","Port Hope","Ontario","Canada",44),
  ("7506 Ac Avenue","01237","Gallodoro","Sicilia","Italy",45),
  ("P.O. Box 128, 8880 Blandit St.","30614","Tejar","Cartago","Costa Rica",46),
  ("Ap #667-3001 Ultrices Rd.","9168","Malaybalay","Northern Mindanao","Philippines",47),
  ("Ap #570-5473 Sed, St.","308219","Krasnaya Yaruga","Belgorod Oblast","Russian Federation",48),
  ("P.O. Box 775, 639 Adipiscing Av.","249630","Port Harcourt","Rivers","Nigeria",49),
  ("Ap #605-7055 Cursus Rd.","9795","Cork","Munster","Ireland",50);
INSERT INTO `direccion` (`address`,`postal_zip`,`city`,`state`,`country`,`branch_id`)
VALUES
  ("134-1479 Non, St.","3213","Lint","Antwerpen","Belgium",51),
  ("571-609 Quisque Road","H8G 4L5","Hull","Quebec","Canada",52),
  ("576-6411 Tellus St.","346953","Rostov","Rostov Oblast","Russian Federation",53),
  ("281-3060 Est Rd.","22043","Gwangyang","South Jeolla","South Korea",54),
  ("446-6994 Pede. Rd.","23403","Oviedo","Principado de Asturias","Spain",55),
  ("P.O. Box 956, 1239 Auctor Street","88742-077","Criciúma","Santa Catarina","Brazil",56),
  ("792-3108 Dictum Road","B7X 7W3","Guysborough","Nova Scotia","Canada",57),
  ("Ap #757-6758 Suspendisse Street","7026","Linz","Upper Austria","Austria",58),
  ("923-5287 Mauris, Av.","20770","Çaldıran","Van","Turkey",59),
  ("Ap #841-4565 Enim St.","54622","Hanau","Hessen","Germany",60);
INSERT INTO `direccion` (`address`,`postal_zip`,`city`,`state`,`country`,`branch_id`)
VALUES
  ("P.O. Box 445, 6427 Consequat Road","IH2W 7DR","Keith","Banffshire","United Kingdom",61),
  ("P.O. Box 252, 1907 Mauris Rd.","502975","Lagos","Lagos","Nigeria",62),
  ("P.O. Box 520, 5389 Ac Road","34695","Palma de Mallorca","Illes Balears","Spain",63),
  ("492-1408 Elit, Road","327248","Owerri","Imo","Nigeria",64),
  ("132-7831 Scelerisque, St.","132232","Bukit Panjang","West Region","Singapore",65),
  ("737-9695 Ullamcorper Avenue","37826","Huaraz","Ancash","Peru",66),
  ("Ap #826-8800 Nulla Rd.","8157","Whakatane","North Island","New Zealand",67),
  ("P.O. Box 997, 9434 Vel Road","H42 1ZY","North Berwick","East Lothian","United Kingdom",68),
  ("Ap #600-7989 Praesent Rd.","LE7V 8IL","Dunfermline","Fife","United Kingdom",69),
  ("Ap #447-325 Tristique Av.","55582","Bengkulu","Bengkulu","Indonesia",70);
INSERT INTO `direccion` (`address`,`postal_zip`,`city`,`state`,`country`,`branch_id`)
VALUES
  ("136-3604 Imperdiet, Rd.","47925","Sullana","Piura","Peru",71),
  ("P.O. Box 247, 2208 Convallis Rd.","528589","Vĩnh Trụ","Hà Nam","Vietnam",72),
  ("3232 Lacinia Rd.","5324","Hallein","Salzburg","Austria",73),
  ("Ap #627-4871 Enim, Rd.","60822","Semarang","Central Java","Indonesia",74),
  ("P.O. Box 559, 5639 Iaculis Avenue","454786","Kusa","Chelyabinsk Oblast","Russian Federation",75),
  ("Ap #720-6382 Tortor. St.","16777","Gumi","North Gyeongsang","South Korea",76),
  ("Ap #200-1869 Non, Road","309553","Rakitnoye","Belgorod Oblast","Russian Federation",77),
  ("Ap #547-1938 Ultrices. Av.","24192","Cagnes-sur-Mer","Provence-Alpes-Côte d'Azur","France",78),
  ("P.O. Box 924, 2727 Lorem, Street","8935 NN","Coevorden","Drenthe","Netherlands",79),
  ("344-1203 Sapien Avenue","633376","Barranquilla","Atlántico","Colombia",80);
INSERT INTO `direccion` (`address`,`postal_zip`,`city`,`state`,`country`,`branch_id`)
VALUES
  ("Ap #617-3530 Sed Rd.","715684","Liaoning","Dōngběi","China",81),
  ("P.O. Box 541, 4515 Justo Rd.","1314","Lapu-Lapu City","Central Visayas","Philippines",82),
  ("Ap #166-7844 Dui Ave","9197","Steinkjer","Trøndelag","Norway",83),
  ("Ap #963-9356 Neque Av.","547471","Zaria","Kaduna","Nigeria",84),
  ("P.O. Box 387, 6048 Non Rd.","5329","Invercargill","South Island","New Zealand",85),
  ("653-5228 A, Rd.","8143","Galway","Connacht","Ireland",86),
  ("Ap #698-3477 Mauris Av.","414934","Akhtubinsk","Astrakhan Oblast","Russian Federation",87),
  ("3764 Congue, Rd.","44650","Akhisar","Manisa","Turkey",88),
  ("974-4565 Sit Rd.","361115","Toba Tek Singh","Punjab","Pakistan",89),
  ("948-2412 Ut Avenue","67231-953","Marabá","Pará","Brazil",90);
INSERT INTO `direccion` (`address`,`postal_zip`,`city`,`state`,`country`,`branch_id`)
VALUES
  ("P.O. Box 183, 5601 Mauris Rd.","692148","Bhimber","Azad Kashmir","Pakistan",91),
  ("725-1988 Bibendum Rd.","637538","Hunan","Zhōngnán","China",92),
  ("Ap #498-7746 Quam Av.","317403","Haveli","Azad Kashmir","Pakistan",93),
  ("344-487 Adipiscing, St.","57-18","Shostka","Sumy oblast","Ukraine",94),
  ("9559 Adipiscing, Avenue","258827","Shaanxi","Xīběi","China",95),
  ("Ap #713-4135 Tristique St.","1357","Lipa","Calabarzon","Philippines",96),
  ("Ap #422-7594 Purus. Av.","1039","Odda","Vestland","Norway",97),
  ("Ap #943-9668 Ultricies Rd.","56157-82874","Morelia","Michoacán","Mexico",98),
  ("P.O. Box 866, 9719 Litora Av.","87345","Gijón","Principado de Asturias","Spain",99),
  ("Ap #128-4782 Ullamcorper Avenue","87220","Georgia","Georgia","United States",100);

INSERT INTO `direccion` (`address`,`postal_zip`,`city`,`state`,`country`,`customer_id`)
VALUES
  ("5622 Phasellus Avenue","57616","Blitar","East Java","Indonesia",232),
  ("Ap #619-8538 Felis Rd.","9321","Levin","North Island","New Zealand",347),
  ("Ap #537-2578 Erat, Av.","75-37","Mukachevo","Zakarpattia oblast","Ukraine",408),
  ("Ap #673-6606 Sit Rd.","483483","Buguma","Rivers","Nigeria",464),
  ("P.O. Box 737, 1383 Quisque St.","31625","Cavallino","Puglia","Italy",498),
  ("Ap #546-5869 Eu Rd.","88-72","Lozova","Kharkiv oblast","Ukraine",362),
  ("Ap #891-5458 Ut Road","3742","Hammerfest","Troms og Finnmark","Norway",275),
  ("Ap #486-1642 Lacus. St.","4717","Campbelltown","New South Wales","Australia",123),
  ("333-4358 Faucibus Av.","7804","Grimstad","Agder","Norway",132),
  ("377-7585 Libero St.","13389-575","Carapicuíba","São Paulo","Brazil",333);
INSERT INTO `direccion` (`address`,`postal_zip`,`city`,`state`,`country`,`customer_id`)
VALUES
  ("283-5531 Amet Street","5285","Canlaon","Central Visayas","Philippines",402),
  ("664-7896 Fermentum Ave","6222","Elverum","Innlandet","Norway",124),
  ("763-5977 Elementum, St.","32373","Çeşme","İzmir","Turkey",251),
  ("4781 Mollis Av.","C5 1WM","Wellingborough","Northamptonshire","United Kingdom",145),
  ("Ap #556-9450 A, Av.","653357","Kemerovo","Kemerovo Oblast","Russian Federation",322),
  ("548-6469 Tristique Ave","8496-5356","Secunda","Mpumalanga","South Africa",398),
  ("621-2238 Phasellus Rd.","638837","Chongqing","Xīnán","China",275),
  ("Ap #424-3929 Cursus St.","77362","Sibolga","North Sumatra","Indonesia",364),
  ("955-4814 Ligula. Street","770172","Jamshoro","Sindh","Pakistan",464),
  ("Ap #138-1693 Morbi Av.","89958","Grand Island","Nebraska","United States",435);
INSERT INTO `direccion` (`address`,`postal_zip`,`city`,`state`,`country`,`customer_id`)
VALUES
  ("Ap #407-6463 Lorem. Street","21764","Hamburg","Hamburg","Germany",325),
  ("P.O. Box 275, 8421 Diam Av.","711898","Pozo Almonte","Tarapacá","Chile",194),
  ("5616 Ut Street","7204","Sambreville","Namen","Belgium",347),
  ("Ap #302-1701 Nunc St.","73193","Nässjö","Jönköpings län","Sweden",301),
  ("P.O. Box 492, 9911 Non, St.","7149","Belfast","Ulster","Ireland",444),
  ("896-3962 Etiam St.","453276","Tuas","West Region","Singapore",377),
  ("P.O. Box 837, 7449 Magna Av.","563310","Ollagüe","Antofagasta","Chile",139),
  ("Ap #394-7090 Phasellus Av.","73333","Pekanbaru","Riau","Indonesia",339),
  ("144-6242 Feugiat. Street","378414","Jilin","Dōngběi","China",390),
  ("Ap #835-4369 Quam. Rd.","4660","Levanger","Trøndelag","Norway",223);
INSERT INTO `direccion` (`address`,`postal_zip`,`city`,`state`,`country`,`customer_id`)
VALUES
  ("4678 Molestie Avenue","8468 HW","Sluis","Zeeland","Netherlands",221),
  ("Ap #836-4532 In Avenue","50206","Siquirres","Limón","Costa Rica",146),
  ("405-2518 Sem Street","42-55","Nizhyn","Chernihiv oblast","Ukraine",372),
  ("299-6653 Ligula. Ave","442774","Bishan","Central Region","Singapore",156),
  ("3526 Sodales St.","8836","Voitsberg","Styria","Austria",128),
  ("P.O. Box 603, 6500 Felis, Rd.","125280","Khyber Agency","FATA","Pakistan",209),
  ("P.O. Box 710, 6263 Sem Street","84443","Falun","Dalarnas län","Sweden",203),
  ("156-891 Nam Road","9520 MD","Enschede","Overijssel","Netherlands",307),
  ("P.O. Box 428, 1707 Quisque Street","24246","Pettoranello del Molise","Molise","Italy",302),
  ("267-9042 Ullamcorper, Ave","631814","Sevastopol","Sevastopol City","Russian Federation",329);
INSERT INTO `direccion` (`address`,`postal_zip`,`city`,`state`,`country`,`customer_id`)
VALUES
  ("9616 Tincidunt Road","07565","Pohang","North Gyeongsang","South Korea",326),
  ("Ap #975-9307 Vel, Ave","50315","Puntarenas","Puntarenas","Costa Rica",344),
  ("8391 Eu Street","2253","Drammen","Viken","Norway",175),
  ("Ap #833-7333 Vulputate St.","18524","Gimhae","South Gyeongsang","South Korea",383),
  ("Ap #528-3369 Nulla Rd.","738923","Medellín","Antioquia","Colombia",188),
  ("2894 Porttitor Ave","9769 HE","Terneuzen","Zeeland","Netherlands",176),
  ("779-3877 Parturient Ave","612586","Fujian","Huádōng","China",277),
  ("P.O. Box 943, 5509 Odio Road","422221","Chakwal","Punjab","Pakistan",401),
  ("312-7695 Nisl Avenue","1741-6035","Empangeni","KwaZulu-Natal","South Africa",381),
  ("2717 Feugiat Ave","831885","Daman","Daman and Diu","India",288);
INSERT INTO `direccion` (`address`,`postal_zip`,`city`,`state`,`country`,`customer_id`)
VALUES
  ("9066 Pede St.","786936","Zipaquirá","Cundinamarca","Colombia",382),
  ("3900 Nulla St.","90873","Mamuju","West Sulawesi","Indonesia",204),
  ("Ap #614-3434 Taciti Rd.","666285","Irkutsk","Irkutsk Oblast","Russian Federation",126),
  ("338-1707 Arcu. Ave","4054","Ruisbroek","Vlaams-Brabant","Belgium",391),
  ("P.O. Box 114, 9874 Pede Rd.","740545","Hainan","Zhōngnán","China",269),
  ("1225 Proin St.","51401","Puntarenas","Puntarenas","Costa Rica",249),
  ("P.O. Box 945, 6900 Ligula St.","5168","Cotabato City","Bangsamoro","Philippines",345),
  ("835-5784 Luctus St.","17868","Jayapura","Papua","Indonesia",410),
  ("Ap #300-2774 Nulla Rd.","6884","Maasin","Eastern Visayas","Philippines",373),
  ("Ap #417-8073 Cras Rd.","161741","Cherepovets","Vologda Oblast","Russian Federation",230);
INSERT INTO `direccion` (`address`,`postal_zip`,`city`,`state`,`country`,`customer_id`)
VALUES
  ("5349 Vel, Ave","212428","Tây Ninh","Tây Ninh","Vietnam",119),
  ("562-5406 Ut, St.","225357","Haldia","West Bengal","India",141),
  ("4399 Libero St.","4648 ER","Hoorn","Noord Holland","Netherlands",442),
  ("Ap #815-4985 Facilisis, Avenue","735409","Minna","Niger","Nigeria",259),
  ("639-1214 Elit. Rd.","3723","Marilles","Waals-Brabant","Belgium",481),
  ("P.O. Box 358, 3340 Consequat Street","363743","Haridwar","Uttarakhand","India",107),
  ("Ap #135-6641 Cras Rd.","47517","Ferrandina","Basilicata","Italy",319),
  ("Ap #682-2521 Ac Av.","65322-497","Barra do Corda","Maranhão","Brazil",360),
  ("P.O. Box 632, 5204 Vulputate, Road","71471-03135","Ciudad Victoria","Tamaulipas","Mexico",121),
  ("Ap #486-8185 Dignissim. Road","23172-217","Niterói","Rio de Janeiro","Brazil",450);
INSERT INTO `direccion` (`address`,`postal_zip`,`city`,`state`,`country`,`customer_id`)
VALUES
  ("Ap #164-4675 Non Road","8234-7716","Sibasa","Limpopo","South Africa",358),
  ("822-6234 Integer Street","611271","Kirov","Kirov Oblast","Russian Federation",461),
  ("Ap #128-548 Ornare Av.","26615","Jeonju","North Jeolla","South Korea",330),
  ("570-5912 Eget Rd.","1446 KL","Lanaken","Limburg","Netherlands",442),
  ("Ap #241-4989 Tempor St.","65-72","Kitsman","Chernivtsi oblast","Ukraine",290),
  ("Ap #902-5050 Aliquet Av.","UX46 3SS","Poole","Dorset","United Kingdom",493),
  ("P.O. Box 604, 2095 Et St.","75-78","Kyiv","Kyiv oblast","Ukraine",312),
  ("2750 Interdum St.","47558","İmamoğlu","Adana","Turkey",467),
  ("Ap #467-9560 Dui. Street","2689","Egersund","Rogaland","Norway",354),
  ("P.O. Box 681, 1484 Eget Rd.","9988","Tokoroa","North Island","New Zealand",192);
INSERT INTO `direccion` (`address`,`postal_zip`,`city`,`state`,`country`,`customer_id`)
VALUES
  ("Ap #421-5391 Ultricies Rd.","3371","Mattersburg","Burgenland","Austria",225),
  ("165-1301 Egestas St.","1467","Molde","Møre og Romsdal","Norway",344),
  ("Ap #897-2220 Sapien, Rd.","2493","Moss","Viken","Norway",478),
  ("Ap #577-620 Egestas, St.","0756-7581","Grahamstown","Eastern Cape","South Africa",483),
  ("581-7166 Commodo Av.","76833","Limena","Veneto","Italy",241),
  ("Ap #141-1671 Suspendisse St.","51117","Le Grand-Quevilly","Haute-Normandie","France",304),
  ("315-3655 Ullamcorper Avenue","23766-28081","Mérida","Yucatán","Mexico",492),
  ("Ap #716-1974 Dolor, Ave","318447","Fundación","Magdalena","Colombia",333),
  ("931-2471 Fusce Avenue","1855-6135","Giyani","Limpopo","South Africa",166),
  ("Ap #277-4375 Egestas Road","06223","Nässjö","Jönköpings län","Sweden",249);
INSERT INTO `direccion` (`address`,`postal_zip`,`city`,`state`,`country`,`customer_id`)
VALUES
  ("P.O. Box 510, 8174 Mauris Rd.","9741","Vlimmeren","Antwerpen","Belgium",171),
  ("Ap #700-4961 Dolor Ave","1490","Tabuk","Cordillera Administrative Region","Philippines",107),
  ("175-8248 Aliquam Avenue","6813-2639","Port Elizabeth","Eastern Cape","South Africa",251),
  ("Ap #954-5478 Vestibulum St.","7871","Tromsø","Troms og Finnmark","Norway",397),
  ("Ap #971-2094 Iaculis St.","7776","Canberra","Australian Capital Territory","Australia",369),
  ("P.O. Box 725, 4593 Et Road","8652","Lamitan","Bangsamoro","Philippines",345),
  ("P.O. Box 795, 3131 Sed Rd.","5161","Iriga","Bicol Region","Philippines",189),
  ("Ap #984-199 Hendrerit Rd.","38936","Tarma","Junín","Peru",446),
  ("797-8440 Id Av.","1956-2336","Sibasa","Limpopo","South Africa",196),
  ("255-6436 Luctus St.","044801","San Gregorio","Magallanes y Antártica Chilena","Chile",131);
INSERT INTO `direccion` (`address`,`postal_zip`,`city`,`state`,`country`,`customer_id`)
VALUES
  ("P.O. Box 268, 3205 Nunc Rd.","30607","Tejar","Cartago","Costa Rica",362),
  ("P.O. Box 193, 3832 Duis Road","626685","Punitaqui","Coquimbo","Chile",246),
  ("963-1893 Nonummy Road","51623-794","Cabo de Santo Agostinho","Pernambuco","Brazil",138),
  ("P.O. Box 983, 2328 Eu Rd.","84078","Berlin","Berlin","Germany",468),
  ("Ap #197-9246 Lorem Av.","43721","Fort Worth","Texas","United States",282),
  ("156-3668 Feugiat Avenue","227238","Central Water Catchment","North Region","Singapore",452),
  ("700-2728 Venenatis Road","582961","Vĩnh Trụ","Hà Nam","Vietnam",410),
  ("4018 Eros Ave","68633","Stade","Niedersachsen","Germany",194),
  ("1969 Donec Rd.","50105","Guápiles","Limón","Costa Rica",313),
  ("799-8137 Posuere Road","5487","Cauayan","Cagayan Valley","Philippines",445);
INSERT INTO `direccion` (`address`,`postal_zip`,`city`,`state`,`country`,`customer_id`)
VALUES
  ("Ap #641-5851 Sagittis St.","249751","Kaluga","Kaluga Oblast","Russian Federation",182),
  ("9025 At Road","51623","Metz","Lorraine","France",152),
  ("403-9625 Ut St.","456856","Villa del Rosario","Norte de Santander","Colombia",366),
  ("1772 Dapibus Ave","47168","Iquitos","Loreto","Peru",223),
  ("9962 Vel Rd.","80669","Cambridge","Massachusetts","United States",154),
  ("887-6289 Odio. St.","3653-4455","Mahikeng","North West","South Africa",262),
  ("Ap #952-4809 Sed Ave","15109","Tumba","Stockholms län","Sweden",413),
  ("564-4878 Vehicula Street","47064","Nässjö","Jönköpings län","Sweden",151),
  ("801-3129 Mattis St.","936288","Cumaribo","Vichada","Colombia",494),
  ("Ap #883-5841 Proin St.","143530","Bangalore","Karnataka","India",175);
INSERT INTO `direccion` (`address`,`postal_zip`,`city`,`state`,`country`,`customer_id`)
VALUES
  ("P.O. Box 396, 9567 Tortor, Street","7265","Balclutha","South Island","New Zealand",204),
  ("4922 Malesuada St.","9256-8249","Seshego","Limpopo","South Africa",109),
  ("110-7323 In, Street","8872","Kerikeri","North Island","New Zealand",332),
  ("P.O. Box 444, 2213 Id, Avenue","27140","Goyang","Gyeonggi","South Korea",149),
  ("P.O. Box 657, 4871 Penatibus Rd.","9748","Olongapo","Central Luzon","Philippines",149),
  ("919-1436 Senectus Street","4564","Vienna","Vienna","Austria",113),
  ("8799 Arcu Av.","58635-570","Campina Grande","Paraíba","Brazil",305),
  ("470-1402 Quam Rd.","17443","Santo Stefano Quisquina","Sicilia","Italy",240),
  ("Ap #384-4462 Blandit Road","115452","Bến Tre","Bến Tre","Vietnam",324),
  ("137-5273 Dictum Avenue","S3 5MH","Milnathort","Kinross-shire","United Kingdom",323);
INSERT INTO `direccion` (`address`,`postal_zip`,`city`,`state`,`country`,`customer_id`)
VALUES
  ("P.O. Box 753, 220 Elit, Street","4924","New Plymouth","North Island","New Zealand",188),
  ("Ap #244-4244 Imperdiet St.","617653","Karak","Khyber Pakhtoonkhwa","Pakistan",395),
  ("604-4521 Ultrices Ave","878613","Woodlands","North Region","Singapore",280),
  ("123-6789 Mi Rd.","06437","Yeongcheon","North Gyeongsang","South Korea",258),
  ("139-6357 Tellus, Ave","748606","Liaoning","Dōngběi","China",207),
  ("366-7702 Maecenas St.","377108","Sargodha","Punjab","Pakistan",470),
  ("9905 Donec Rd.","4776","LamontzŽe","Luik","Belgium",125),
  ("8104 Fusce St.","345988","Kohima","Nagaland","India",382),
  ("151-1555 Mus. Ave","92888","Castel Guelfo di Bologna","Emilia-Romagna","Italy",296),
  ("P.O. Box 221, 1999 Non, Rd.","851553","Rionegro","Antioquia","Colombia",134);
INSERT INTO `direccion` (`address`,`postal_zip`,`city`,`state`,`country`,`customer_id`)
VALUES
  ("Ap #289-8124 Dolor Road","246777","Lodhran","Punjab","Pakistan",401),
  ("659-5865 Penatibus Rd.","558681","Alto Hospicio","Tarapacá","Chile",278),
  ("P.O. Box 270, 3649 Non Av.","46992-482","Camaçari","Bahia","Brazil",499),
  ("608-282 Orci St.","425611","Isla de Pascua","Valparaíso","Chile",196),
  ("2465 Praesent Avenue","7034","Koronadal","Soccsksargen","Philippines",251),
  ("7367 Nunc Rd.","A4G 5X5","Glovertown","Newfoundland and Labrador","Canada",393),
  ("P.O. Box 908, 3262 Integer Rd.","412231","Saratov","Saratov Oblast","Russian Federation",460),
  ("Ap #391-1288 Sollicitudin Rd.","0384","Himamaylan","Western Visayas","Philippines",498),
  ("Ap #894-1541 Tellus. Ave","Z85 9LH","Moffat","Dumfriesshire","United Kingdom",454),
  ("358-7853 Tempor St.","23282","Icheon","Gyeonggi","South Korea",390);
INSERT INTO `direccion` (`address`,`postal_zip`,`city`,`state`,`country`,`customer_id`)
VALUES
  ("588-5782 Suspendisse Road","3511","Canberra","Australian Capital Territory","Australia",244),
  ("8990 Eu, Street","C4 6NK","Duns","Berwickshire","United Kingdom",233),
  ("Ap #189-4270 Lorem Avenue","K8 1MK","Darlington","Durham","United Kingdom",154),
  ("P.O. Box 880, 2132 Non St.","54508","Istanbul","Istanbul","Turkey",417),
  ("289-9357 Nulla Street","34501","Romano d'Ezzelino","Veneto","Italy",144),
  ("964-5740 Imperdiet St.","8765-6098","King William's Town","Eastern Cape","South Africa",121),
  ("787-9366 Ante Ave","R6C 8B1","Flin Flon","Manitoba","Canada",439),
  ("9860 Vitae Rd.","65054","Bremerhaven","Bremen","Germany",214),
  ("Ap #923-4026 Morbi Ave","983582","Serangoon","North-East Region","Singapore",105),
  ("5798 Lobortis Rd.","48655","Jayapura","Papua","Indonesia",417);
INSERT INTO `direccion` (`address`,`postal_zip`,`city`,`state`,`country`,`customer_id`)
VALUES
  ("P.O. Box 742, 162 Mauris Street","157468","Paya Lebar","East Region","Singapore",357),
  ("Ap #585-7656 Eu Road","0413-7577","Klerksdorp","North West","South Africa",121),
  ("P.O. Box 304, 2714 Adipiscing. St.","4186","Calbayog","Eastern Visayas","Philippines",335),
  ("398-1172 Aptent St.","8858","Canning","Western Australia","Australia",205),
  ("4257 Consectetuer St.","19483","Spokane","Washington","United States",119),
  ("935-2634 Nulla St.","80598-132","Cascavel","Paraná","Brazil",495),
  ("830-6277 A Road","98826","Senftenberg","Brandenburg","Germany",416),
  ("Ap #499-8975 At St.","28142","Metairie","Louisiana","United States",230),
  ("Ap #612-8186 Ligula Rd.","32-54","Kamianets-Podilskyi","Khmelnytskyi oblast","Ukraine",342),
  ("6429 Et, Rd.","64-131","Kielce","Swiętokrzyskie","Poland",411);
INSERT INTO `direccion` (`address`,`postal_zip`,`city`,`state`,`country`,`customer_id`)
VALUES
  ("P.O. Box 824, 9782 At, St.","22823","Vagli Sotto","Toscana","Italy",206),
  ("6726 Et, Ave","5507","Cabuyao","Calabarzon","Philippines",460),
  ("Ap #352-1046 Convallis Street","166879","Solvychegodsk","Arkhangelsk Oblast","Russian Federation",327),
  ("397-3507 Augue Rd.","8672","Neunkirchen","Lower Austria","Austria",296),
  ("182-8112 Hendrerit Rd.","5632","Morrinsville","North Island","New Zealand",237),
  ("Ap #996-2573 Urna Rd.","03583","Ajaccio","Corse","France",372),
  ("P.O. Box 936, 8046 Quisque St.","9894 SC","Geertruidenberg","Noord Brabant","Netherlands",408),
  ("736-255 Dapibus Road","51701","Liberia","Guanacaste","Costa Rica",182),
  ("Ap #176-8434 Augue, St.","8386-1341","Mmabatho","North West","South Africa",356),
  ("Ap #283-972 Lacinia Street","30206","Silifke","Mersin","Turkey",366);
INSERT INTO `direccion` (`address`,`postal_zip`,`city`,`state`,`country`,`customer_id`)
VALUES
  ("384-4005 Cubilia Rd.","7475","Invercargill","South Island","New Zealand",312),
  ("707-5409 Fermentum Av.","3595","Devonport","Tasmania","Australia",470),
  ("317-3892 Et Ave","71142","Pescantina","Veneto","Italy",160),
  ("907-4224 Varius St.","67337","Memphis","Tennessee","United States",358),
  ("Ap #173-3712 Vestibulum, St.","85324-40667","Tijuana","Baja California","Mexico",457),
  ("Ap #590-9060 Sollicitudin Road","75-35","Uzhhorod","Zakarpattia oblast","Ukraine",481),
  ("884-6887 Nulla Rd.","33797-78078","Soledad de Graciano Sánchez","San Luis Potosí","Mexico",446),
  ("8166 Aliquet Ave","4780","Dublin","Leinster","Ireland",354),
  ("P.O. Box 571, 1235 Dictum Rd.","658118","Silvassa","Dadra and Nagar Haveli","India",370),
  ("Ap #486-753 Nec Av.","9756","Åkrehamn","Rogaland","Norway",245);
INSERT INTO `direccion` (`address`,`postal_zip`,`city`,`state`,`country`,`customer_id`)
VALUES
  ("Ap #846-9672 Suspendisse Avenue","H7X 7R3","Carleton","Quebec","Canada",344),
  ("2718 Urna. Rd.","2863","Oberwart","Burgenland","Austria",119),
  ("5253 Eu, Av.","476684","Paz de Ariporo","Casanare","Colombia",449),
  ("2998 Ultrices St.","26535","Chepén","La Libertad","Peru",219),
  ("P.O. Box 646, 8627 Nam Street","1155","Ashburton","South Island","New Zealand",483),
  ("P.O. Box 350, 452 Neque Avenue","CD5H 6DU","Montrose","Angus","United Kingdom",164),
  ("P.O. Box 323, 6698 Quam St.","29134","Yurimaguas","Loreto","Peru",303),
  ("847 Amet, Street","7106","Odda","Vestland","Norway",154),
  ("Ap #711-7523 Mi St.","418187","Owerri","Imo","Nigeria",113),
  ("855-8901 Donec St.","65289-504","Bacabal","Maranhão","Brazil",217);

INSERT INTO `direccion` (`address`,`postal_zip`,`city`,`state`,`country`,`employee_id`)
VALUES
  ("Ap #158-4073 Enim Street","39635","Hudiksvall","Gävleborgs län","Sweden",455),
  ("Ap #581-9647 Pretium Ave","45217","Ávila","Castilla y León","Spain",410),
  ("8881 Fusce Road","56682","Falun","Dalarnas län","Sweden",350),
  ("P.O. Box 375, 1168 Cum Av.","P5 0VN","Tranent","East Lothian","United Kingdom",138),
  ("P.O. Box 302, 5160 Lorem Avenue","62644","Springfield","Massachusetts","United States",250),
  ("3906 Justo. St.","7706","Christchurch","South Island","New Zealand",488),
  ("313-4688 Sit Av.","975648","Sokoto","Sokoto","Nigeria",132),
  ("Ap #217-2902 Pharetra St.","472014","Muzaffargarh","Punjab","Pakistan",352),
  ("1562 Nisl. St.","4617","Westport","South Island","New Zealand",128),
  ("Ap #695-2116 Vivamus Av.","289363","Heilongjiang","Dōngběi","China",176);
INSERT INTO `direccion` (`address`,`postal_zip`,`city`,`state`,`country`,`employee_id`)
VALUES
  ("319-4700 Laoreet Rd.","2444","Ballarat","Victoria","Australia",421),
  ("Ap #175-9849 Ut Street","572224","Tibet","Xīnán","China",328),
  ("Ap #610-5612 Commodo Street","68218","Antibes","Provence-Alpes-Côte d'Azur","France",147),
  ("843-3245 Molestie Av.","4422-8684","Constantia","Western Cape","South Africa",137),
  ("560-4622 Ut Ave","54316","İmamoğlu","Adana","Turkey",260),
  ("P.O. Box 346, 5985 Tincidunt. Street","521082","Tierra Amarilla","Atacama","Chile",332),
  ("Ap #744-3992 Est St.","2885","Verdalsøra","Trøndelag","Norway",328),
  ("P.O. Box 420, 9678 Augue St.","96217","Angers","Pays de la Loire","France",463),
  ("418-2601 Magna. Road","5901","Matamata","North Island","New Zealand",436),
  ("852-1547 Nec, Road","752155","Naushahro Firoze","Sindh","Pakistan",101);
INSERT INTO `direccion` (`address`,`postal_zip`,`city`,`state`,`country`,`employee_id`)
VALUES
  ("P.O. Box 833, 7533 Dolor, Street","5488","Heule","West-Vlaanderen","Belgium",133),
  ("558-5447 Dictum. Road","24018","Norrköping","Östergötlands län","Sweden",109),
  ("P.O. Box 686, 1356 Vivamus St.","576885","Zhob","Balochistan","Pakistan",370),
  ("1380 Dictum. Road","658423","Cartagena del Chairá","Caquetá","Colombia",144),
  ("1088 Eget St.","8371","Panabo","Davao Region","Philippines",237),
  ("P.O. Box 398, 4026 A St.","30258","Ciudad Real","Castilla - La Mancha","Spain",330),
  ("P.O. Box 115, 6361 Arcu. Rd.","JJ3 8VT","Fort William","Inverness-shire","United Kingdom",496),
  ("Ap #747-3493 Nec, Road","56549","South Bend","Indiana","United States",221),
  ("291-8806 Cursus St.","T4X 4M9","Rimbey","Alberta","Canada",214),
  ("689-7570 Parturient Street","RH6F 7YQ","Holyhead","Anglesey","United Kingdom",329);
INSERT INTO `direccion` (`address`,`postal_zip`,`city`,`state`,`country`,`employee_id`)
VALUES
  ("Ap #749-2216 Metus. Road","TL2 6FK","Galashiels","Selkirkshire","United Kingdom",417),
  ("7481 Cras Avenue","85374","Berlin","Berlin","Germany",258),
  ("599-1798 Amet Road","2939","Hawera","North Island","New Zealand",379),
  ("Ap #993-1971 Lectus St.","2699","Wals-Siezenheim","Salzburg","Austria",149),
  ("770-3171 Orci. Street","51322","Norfolk","Virginia","United States",210),
  ("319-4909 Aliquam Rd.","2275-8448","Nelspruit","Mpumalanga","South Africa",142),
  ("Ap #636-1688 Tristique St.","47883","Edremit","Balıkesir","Turkey",466),
  ("P.O. Box 670, 3695 Enim Ave","583658","El Tambo","Cauca","Colombia",207),
  ("293-4761 Placerat, Av.","86676-71216","Mérida","Yucatán","Mexico",474),
  ("P.O. Box 189, 8416 Purus. St.","53427","Gijón","Principado de Asturias","Spain",120);
INSERT INTO `direccion` (`address`,`postal_zip`,`city`,`state`,`country`,`employee_id`)
VALUES
  ("Ap #658-6484 Interdum Road","7924-5098","Hopefield","Western Cape","South Africa",440),
  ("Ap #289-6128 Euismod Rd.","7782","Koronadal","Soccsksargen","Philippines",318),
  ("960-4667 A Av.","11107","San Antonio","San José","Costa Rica",250),
  ("Ap #719-9549 Purus, Av.","31262","Montpellier","Languedoc-Roussillon","France",277),
  ("302-7078 Sem Av.","46M 0G8","Arviat","Nunavut","Canada",259),
  ("437-6403 Metus. St.","38541","Kansas City","Kansas","United States",349),
  ("Ap #419-7416 Nisi. St.","8383","GrivegnŽe","Luik","Belgium",328),
  ("611-4975 Ipsum. Street","3388","Kemzeke","Oost-Vlaanderen","Belgium",181),
  ("1491 Ac Ave","781668","Mandai","North Region","Singapore",220),
  ("778-1158 Consequat Ave","Y8C 2V2","Watson Lake","Yukon","Canada",332);
INSERT INTO `direccion` (`address`,`postal_zip`,`city`,`state`,`country`,`employee_id`)
VALUES
  ("Ap #475-9188 Quam Rd.","4765","Urdaneta","Ilocos Region","Philippines",238),
  ("P.O. Box 168, 8999 Amet Rd.","741430","Jiangxi","Huádōng","China",404),
  ("P.O. Box 302, 9396 Dis St.","58785","Gävle","Gävleborgs län","Sweden",320),
  ("805-4229 Sit Rd.","7500","Bruckneudorf","Burgenland","Austria",360),
  ("P.O. Box 799, 5162 Dapibus Av.","536240","Sagamu","Ogun","Nigeria",429),
  ("536-2652 Varius Rd.","51850-29912","Oaxaca","Oaxaca","Mexico",198),
  ("Ap #755-3360 Ut Road","555112","Kohistan","Khyber Pakhtoonkhwa","Pakistan",340),
  ("249-8406 Bibendum. Ave","1327","Sankt Johann im Pongau","Salzburg","Austria",486),
  ("P.O. Box 334, 6211 Eu Street","341081","Dehradun","Uttarakhand","India",125),
  ("Ap #371-3323 Neque. Street","915142","Yên Ninh","Ninh Bình","Vietnam",436);
INSERT INTO `direccion` (`address`,`postal_zip`,`city`,`state`,`country`,`employee_id`)
VALUES
  ("Ap #944-5314 A, St.","I7M 7GC","Walsall","Staffordshire","United Kingdom",179),
  ("Ap #839-4583 Cras Rd.","1138","Sale","Victoria","Australia",204),
  ("332-449 Vulputate, Road","3326","Mattersburg","Burgenland","Austria",414),
  ("P.O. Box 743, 7356 Risus. Av.","70811","Tarakan","North Kalimantan","Indonesia",440),
  ("Ap #569-7998 Fermentum Road","31-442","Chełm","Lubelskie","Poland",305),
  ("P.O. Box 271, 2454 Morbi Ave","882714","Okigwe","Imo","Nigeria",104),
  ("618-3307 Ultrices Avenue","6816","Arsimont","Namen","Belgium",210),
  ("Ap #794-7657 Iaculis St.","551937","Sungei Kadut","North Region","Singapore",484),
  ("P.O. Box 787, 3140 Lobortis Avenue","934155","Haripur","Khyber Pakhtoonkhwa","Pakistan",457),
  ("2293 Integer Rd.","57771","Palembang","South Sumatra","Indonesia",301);
INSERT INTO `direccion` (`address`,`postal_zip`,`city`,`state`,`country`,`employee_id`)
VALUES
  ("Ap #672-8270 Porttitor Avenue","4628-2620","Polokwane","Limpopo","South Africa",234),
  ("Ap #199-3817 Dictum Av.","9422","Kerikeri","North Island","New Zealand",440),
  ("5238 Sed St.","6317","Flekkefjord","Agder","Norway",301),
  ("Ap #790-6556 Eros Street","61271-43182","Piedras Negras","Coahuila","Mexico",233),
  ("4516 Eu, St.","28567","Racine","Wisconsin","United States",168),
  ("974-2754 Ac Rd.","78192","Kotamobagu","North Sulawesi","Indonesia",273),
  ("P.O. Box 424, 5138 Eros Road","11264-95243","Nogales","Sonora","Mexico",315),
  ("Ap #872-9337 Convallis St.","66654-332","Cametá","Pará","Brazil",489),
  ("672-8874 A Rd.","00893","Alessandria","Piemonte","Italy",236),
  ("578-8672 Vestibulum Av.","758142","Hougang","North-East Region","Singapore",208);
INSERT INTO `direccion` (`address`,`postal_zip`,`city`,`state`,`country`,`employee_id`)
VALUES
  ("Ap #423-2984 Ante. Rd.","30-788","Ełk","Warmińsko-mazurskie","Poland",333),
  ("P.O. Box 656, 7125 Cum Road","268392","Imphal","Manipur","India",199),
  ("Ap #974-3631 Nec Avenue","6111","Gore","South Island","New Zealand",443),
  ("P.O. Box 532, 8024 Sit Road","33395","Pacasmayo","La Libertad","Peru",185),
  ("6110 Imperdiet Av.","39911598","Juiz de Fora","Minas Gerais","Brazil",327),
  ("800-9592 Venenatis Ave","1418","Leirvik","Vestland","Norway",267),
  ("5132 Montes, Ave","63851","Tire","İzmir","Turkey",352),
  ("6643 Duis St.","63-88","Boryspil","Kyiv oblast","Ukraine",468),
  ("Ap #593-3080 Dolor. St.","37215","Wiesbaden","Hessen","Germany",272),
  ("Ap #141-834 Vehicula St.","08569","Ulsan","South Gyeongsang","South Korea",209);
INSERT INTO `direccion` (`address`,`postal_zip`,`city`,`state`,`country`,`employee_id`)
VALUES
  ("424-4609 Est. Ave","562988","Hougang","North-East Region","Singapore",163),
  ("P.O. Box 617, 963 Dolor. Avenue","784738","North Waziristan","FATA","Pakistan",107),
  ("5514 Lobortis Avenue","778831","Ranchi","Jharkhand","India",464),
  ("9646 Leo. Ave","6492 SH","Gorinchem","Zuid Holland","Netherlands",242),
  ("9943 Sit Av.","13186","Jecheon","North Chungcheong","South Korea",288),
  ("P.O. Box 167, 8435 In St.","B2L 5T5","Pugwash","Nova Scotia","Canada",475),
  ("504-2291 Dis St.","60356","Istanbul","Istanbul","Turkey",245),
  ("813-3720 Metus Av.","744332","Miraflores","Guaviare","Colombia",377),
  ("331-8412 Eget Road","6134","Traiskirchen","Lower Austria","Austria",335),
  ("9319 Nec St.","3950 YT","Emmen","Drenthe","Netherlands",341);
INSERT INTO `direccion` (`address`,`postal_zip`,`city`,`state`,`country`,`employee_id`)
VALUES
  ("133-7424 Ut Rd.","37268","Puno","Puno","Peru",334),
  ("232 Nascetur Road","87454-753","Cascavel","Paraná","Brazil",434),
  ("663-1726 Lobortis, Road","785391","Badin","Sindh","Pakistan",306),
  ("Ap #947-4339 Vestibulum Rd.","TT2R 7IM","Sandy","Bedfordshire","United Kingdom",147),
  ("Ap #313-2840 Diam. St.","67-66","Zhytomyr","Zhytomyr oblast","Ukraine",173),
  ("7392 Dolor St.","171621","Tver","Tver Oblast","Russian Federation",368),
  ("Ap #519-2988 Phasellus Ave","4657 XE","Amersfoort","Utrecht","Netherlands",151),
  ("538-9090 Torquent Rd.","721282","Soledad","Atlántico","Colombia",291),
  ("Ap #667-7053 Lacinia. Street","5452","Canberra","Australian Capital Territory","Australia",377),
  ("768-1911 Proin Road","29436","Montbéliard","Franche-Comté","France",361);
INSERT INTO `direccion` (`address`,`postal_zip`,`city`,`state`,`country`,`employee_id`)
VALUES
  ("468-1205 Semper Av.","62-746","Gliwice","Sląskie","Poland",166),
  ("Ap #843-2696 Imperdiet, Av.","34744","Málaga","Andalucía","Spain",462),
  ("P.O. Box 209, 9248 Donec Rd.","26196","Arequipa","Arequipa","Peru",314),
  ("Ap #576-5516 Vitae Road","21258","Gaziantep","Gaziantep","Turkey",481),
  ("Ap #352-4592 Eu Avenue","174661","Bahawalnagar","Punjab","Pakistan",194),
  ("380-9201 Donec St.","1113","Eigenbrakel","Waals-Brabant","Belgium",296),
  ("5566 Donec Ave","17187","Saint-Dizier","Champagne-Ardenne","France",336),
  ("3269 Cubilia Av.","73317","Clermont-Ferrand","Auvergne","France",251),
  ("Ap #916-3303 Urna. Ave","58628-524","Santa Rita","Paraíba","Brazil",266),
  ("941-4246 Interdum. Avenue","214731","Iquique","Tarapacá","Chile",426);
INSERT INTO `direccion` (`address`,`postal_zip`,`city`,`state`,`country`,`employee_id`)
VALUES
  ("Ap #855-1334 Eleifend Road","52980","Ergani","Diyarbakır","Turkey",173),
  ("881-6444 Tellus Avenue","839981","Shanxi","Huáběi","China",196),
  ("P.O. Box 757, 523 Ipsum St.","R8N 8J0","Beausejour","Manitoba","Canada",345),
  ("345-1176 Mauris Rd.","2336","Cauayan","Cagayan Valley","Philippines",386),
  ("P.O. Box 843, 5523 Adipiscing Rd.","777492","Xinjiang","Xīběi","China",388),
  ("250-4551 Libero. St.","612535","Tibet","Xīnán","China",205),
  ("Ap #297-2526 Quam Street","55112","Dole","Franche-Comté","France",407),
  ("Ap #841-7660 Pharetra. Avenue","5748","Cork","Munster","Ireland",446),
  ("205-1862 Aliquet, Road","7927","Galway","Connacht","Ireland",414),
  ("209 Parturient St.","FY8 8DX","Cambridge","Cambridgeshire","United Kingdom",449);
INSERT INTO `direccion` (`address`,`postal_zip`,`city`,`state`,`country`,`employee_id`)
VALUES
  ("Ap #540-5331 Est Rd.","0512","Stavanger","Rogaland","Norway",117),
  ("P.O. Box 974, 6840 Nascetur St.","47875-18403","Mexico City","Mexico City","Mexico",239),
  ("849-2739 Non Rd.","78281","Mora","Dalarnas län","Sweden",348),
  ("Ap #553-478 Ac Rd.","7774","Oroquieta","Northern Mindanao","Philippines",173),
  ("9411 Quis Rd.","51308","Nicoya","Guanacaste","Costa Rica",125),
  ("Ap #304-9591 Vestibulum Ave","04737","Osan","Gyeonggi","South Korea",197),
  ("419-3702 Eu Street","8544","Dunedin","South Island","New Zealand",242),
  ("280-7212 Arcu St.","91477-09698","San Juan del Río","Querétaro","Mexico",119),
  ("Ap #354-3941 Velit Road","170686","Tver","Tver Oblast","Russian Federation",398),
  ("P.O. Box 330, 6906 Dis Avenue","581250","Agartala","Tripura","India",239);
INSERT INTO `direccion` (`address`,`postal_zip`,`city`,`state`,`country`,`employee_id`)
VALUES
  ("P.O. Box 516, 4163 Penatibus St.","33605","Lidingo","Stockholms län","Sweden",287),
  ("P.O. Box 256, 1582 Ipsum Rd.","3818","Oostkerk","Waals-Brabant","Belgium",359),
  ("Ap #573-8702 Donec Avenue","2198-7707","Umlazi","KwaZulu-Natal","South Africa",164),
  ("102-1373 Consequat, Road","2962","Cork","Munster","Ireland",341),
  ("124-1988 At, Ave","3818","Cotabato City","Bangsamoro","Philippines",499),
  ("Ap #868-3772 Lobortis Avenue","05143","Neunkirchen","Saarland","Germany",168),
  ("P.O. Box 678, 1454 Quis Av.","26582","Tebing Tinggi","North Sumatra","Indonesia",474),
  ("Ap #626-7605 Ligula. Rd.","9544 UP","Assen","Drenthe","Netherlands",187),
  ("4355 Pharetra Av.","Y7R 0E2","Whitehorse","Yukon","Canada",216),
  ("881-8582 Natoque St.","1976 KF","Bolsward","Friesland","Netherlands",336);
INSERT INTO `direccion` (`address`,`postal_zip`,`city`,`state`,`country`,`employee_id`)
VALUES
  ("Ap #748-9585 A Rd.","10356","Chuncheon","Gangwon","South Korea",272),
  ("335-7348 Pede Street","1573 YA","Tilburg","Noord Brabant","Netherlands",331),
  ("P.O. Box 119, 2767 Aliquam Rd.","50422","Indianapolis","Indiana","United States",384),
  ("471-2358 A, Rd.","984866","Woodlands","North Region","Singapore",226),
  ("720-2253 In Av.","3281 JE","Lanaken","Limburg","Netherlands",156),
  ("255-2486 Aptent Road","96148","Le Havre","Haute-Normandie","France",493),
  ("Ap #610-6426 Amet Road","723742","Antofagasta","Antofagasta","Chile",408),
  ("P.O. Box 337, 1914 Orci, St.","52-382","Kraków","Małopolskie","Poland",115),
  ("829-799 Quisque St.","55742","Borlänge","Dalarnas län","Sweden",359),
  ("Ap #588-3203 Adipiscing Avenue","T4P 3L5","Airdrie","Alberta","Canada",199);
INSERT INTO `direccion` (`address`,`postal_zip`,`city`,`state`,`country`,`employee_id`)
VALUES
  ("Ap #578-6052 Mauris Road","24-83","Lutsk","Volyn oblast","Ukraine",324),
  ("P.O. Box 144, 9668 Magnis Ave","07743","Polatlı","Ankara","Turkey",195),
  ("967-5044 Purus Rd.","398718","Lipetsk","Lipetsk Oblast","Russian Federation",181),
  ("728-3229 Dis Av.","5681-3798","Mahikeng","North West","South Africa",296),
  ("839-7577 Mauris St.","213948","Sagrada Familia","Maule","Chile",148),
  ("Ap #547-3154 Aenean Road","71-722","Wrocław","Dolnośląskie","Poland",208),
  ("977-3210 Nunc. Rd.","633258","North-Eastern Islands","North-East Region","Singapore",298),
  ("132-3898 Amet, St.","179367","Ambala","Haryana","India",100),
  ("P.O. Box 568, 9779 Purus St.","845758","Pacoa","Vaupés","Colombia",467),
  ("4634 Etiam St.","47-465","Chełm","Lubelskie","Poland",150);
INSERT INTO `direccion` (`address`,`postal_zip`,`city`,`state`,`country`,`employee_id`)
VALUES
  ("Ap #420-8629 Non, St.","8873","Assebroek","West-Vlaanderen","Belgium",473),
  ("Ap #120-6802 Quis, Ave","08551","Vallentuna","Stockholms län","Sweden",423),
  ("Ap #327-160 Ornare. Rd.","2025 OD","Emmen","Drenthe","Netherlands",252),
  ("P.O. Box 710, 5048 Lobortis Av.","72002","Banda Aceh","Aceh","Indonesia",389),
  ("Ap #159-9419 Erat. Street","581493","Bạc Liêu","Bạc Liêu","Vietnam",163),
  ("1719 Neque Ave","7715","Vienna","Vienna","Austria",156),
  ("Ap #916-9528 Posuere Rd.","18021-11566","Tonalá","Jalisco","Mexico",203),
  ("376-3039 Eu Road","301254","Tula","Tula Oblast","Russian Federation",248),
  ("4378 Senectus Avenue","96531","Nampa","Idaho","United States",298),
  ("Ap #873-6440 Duis Street","70274","Badajoz","Extremadura","Spain",258);
INSERT INTO `direccion` (`address`,`postal_zip`,`city`,`state`,`country`,`employee_id`)
VALUES
  ("P.O. Box 888, 8013 Fringilla Rd.","0591-3888","Sasolburg","Free State","South Africa",299),
  ("476-4380 Gravida. Avenue","23402","Mala","Lima","Peru",398),
  ("356-3170 Nunc Rd.","912654","Huế","Thừa Thiên–Huế","Vietnam",363),
  ("121-1079 Nec Rd.","342821","Santa Marta","Magdalena","Colombia",401),
  ("933-308 Ut Rd.","96338-441","Gravataí","Rio Grande do Sul","Brazil",386),
  ("Ap #581-5567 Sit Rd.","7741-7314","Springs","Gauteng","South Africa",243),
  ("403-781 Ac St.","24013-25906","Irapuato","Guanajuato","Mexico",182),
  ("P.O. Box 353, 965 Ac Avenue","585914","Palena","Los Lagos","Chile",271),
  ("322-625 Amet Rd.","1665","Upper Hutt","North Island","New Zealand",315),
  ("Ap #176-9451 Lacus. Avenue","22979","Probolinggo","East Java","Indonesia",319);
INSERT INTO `direccion` (`address`,`postal_zip`,`city`,`state`,`country`,`employee_id`)
VALUES
  ("703-4577 Fusce Road","63669-639","Sobral","Ceará","Brazil",302),
  ("P.O. Box 600, 3256 Mattis Av.","4533","Dublin","Leinster","Ireland",206),
  ("9104 Amet St.","687581","Sapele","Delta","Nigeria",329),
  ("8008 Vitae Avenue","10718","Gwangyang","South Jeolla","South Korea",346),
  ("Ap #608-2808 Ut Road","5415","Chantemelle","Luxemburg","Belgium",185),
  ("Ap #992-8998 Et, Rd.","5828","Marawi","Bangsamoro","Philippines",395),
  ("6452 Neque Avenue","571168","Negrete","Biobío","Chile",201),
  ("P.O. Box 640, 5836 Morbi Avenue","398274","Lipetsk","Lipetsk Oblast","Russian Federation",287),
  ("Ap #625-9502 Odio, St.","379219","Okene","Kogi","Nigeria",316),
  ("P.O. Box 761, 9145 Pede, Avenue","772884","Sengkang","North-East Region","Singapore",320);


-- Amplío el alcanze de "cuenta" para que identifique el tipo
ALTER TABLE cuenta
ADD COLUMN type TEXT NOT NULL DEFAULT 'Caja de ahorro en pesos';

UPDATE cuenta
SET type = 'Cuenta Corriente'
WHERE account_id IN (SELECT account_id FROM tipo_cuenta WHERE ac_type = 'Cuenta Corriente');

UPDATE cuenta
SET type = 'Caja de ahorro en dólares'
WHERE account_id IN (SELECT account_id FROM tipo_cuenta WHERE ac_type = 'Caja de ahorro en dólares');

-- corrijo formato de fecha 
UPDATE empleado
set employee_hire_date = DATE(substr(employee_hire_date,7,4) ||'-' ||substr(employee_hire_date,4,2) ||'-' ||substr(employee_hire_date,1,2));


-- SEGUNDA PROBLEMATICA 

--Creo vista con columna id, sucursal, nombre, apellido, dni y edad calculada por fecha de nacimiento de la tabla cliente 
create view cliente_edad as 
select customer_id, branch_id, customer_name, customer_surname, customer_DNI, cast(strftime('%Y.%m%d', 'now') - strftime('%Y.%m%d', dob) as int) as customer_age
from cliente;

--Mostrar columnas de la vista cliente_edad, ordenadas por dni de menor a mayor y cuya edad sea mayor a 40
select customer_id, branch_id, customer_name, customer_surname, customer_DNI,customer_age
from cliente_edad
where customer_age > 40
order by customer_DNI ASC;

--Mostrar los clientes que se llamen Anne o Tyler ordenados por edad de menor a mayor
select customer_id, branch_id, customer_name, customer_surname, customer_DNI,customer_age
from cliente_edad
where customer_name = "Anne" or customer_name = "Tyler"
order by customer_age ASC;

--Insertar 5 nuevos clientes en la base de datos según el JSON provisto 
insert into cliente(customer_name, customer_surname, customer_DNI, branch_id, dob)
values 
("Lois", "Stout", "47730534", 80, "1984-07-07"),
("Hall", "Mcconnell", "52055464", 45, "1968-04-30"),
("Hilel", "Mclean", "43625213", 77, "1993-03-28"),
("Jin", "Cooley", "21207908", 96, "1959-08-24"),
("Gabriel", "Harmon", "57063950", 27, "1976-04-01");

--Actualizar los 5 nuevos clientes agregados cambiando su branch id
update cliente
set branch_id = 10
where customer_DNI in ("47730534", "52055464", "43625213", "21207908", "57063950");

--Borrar cliente Noel David
delete from cliente 
where customer_name = "Noel" and customer_surname = "David";

--Tipo de préstamo de mayor importe 
select loan_type
from prestamo
order by loan_total DESC
limit 1;

-- TERCER PROBLEMATICA 

--PUNTO 1 (selecciona las cuentas con saldo negativo)
SELECT *
from cuenta
where balance < 0;

--PUNTO 2 (Selecciona  el nombre, apellido y edad de los clientes que tengan en el apellido la letra Z)
SELECT cliente.customer_name, cliente.customer_surname as Apellido_Cliente, customer_age as Edad_Cliente
from cliente_edad
INNER JOIN cliente on cliente_edad.customer_id = cliente.customer_id
WHERE Apellido_Cliente like "%z%";

--PUNTO 3 (Seleccionar el nombre, apellido, edad y nombre de sucursal de las personas cuyo nombre sea “Brendan” y el resultado ordenarlo por nombre de sucursal)
SELECT customer_name as Nombre_Cliente,customer_surname as Apellido_Cliente, customer_age as Edad_Cliente, sucursal.branch_name as Nombre_Sucursal
from cliente_edad
INNER JOIN sucursal on cliente_edad.branch_id = sucursal.branch_id
WHERE Nombre_Cliente = "Brendan"
ORDER by branch_name;

--PUNTO 4 (Selecciona de la tabla de préstamos, los préstamos con un importe mayor a $80.000 y los préstamos prendarios)
SELECT * 
FROM prestamo
WHERE loan_total > 8000000 
UNION
SELECT * 
FROM prestamo
WHERE loan_type = "PRENDARIO";

--PUNTO 5 (Selecciona los prestamos cuyo importe sea mayor que el importe medio de todos los prestamos)
SELECT *
FROM prestamo
WHERE loan_total > (SELECT avg(loan_total) FROM prestamo);

--PUNTO 6  (Cuenta la cantidad de clientes menores a 50 años)
SELECT count(customer_id) as ClienteMenor50
from cliente_edad 
where customer_age < 50;

--PUNTO 7  (Selecciona Seleccionar las primeras 5 cuentas con saldo mayor a 8.000$)
SELECT *
FROM cuenta 
WHERE balance > 800000 
ORDER BY account_id 
LIMIT 5;

--PUNTO 8 (Selecciona los préstamos que tengan fecha en abril, junio y agosto, ordenándolos por importe)
SELECT strftime('%d-%m-%Y', loan_date) as date, loan_total
FROM prestamo
where strftime('%m', loan_date) in ('04','06','08')
order by loan_total DESC;

--PUNTO 9 (Obtiene el importe total de los prestamos agrupados por tipo de préstamos.)
select  loan_type, sum(loan_total) as loan_total_accu
from prestamo
group by loan_type;

-- CUARTA PROBLEMATICA 

--PUNTO 1 (devuelve la cantidad de clientes por nombre de sucursal ordenando de mayor a menor)
SELECT count(cliente.customer_id) as Cantidad_Clientes, sucursal.branch_name
FROM cliente 
INNER JOIN sucursal on cliente.branch_id = sucursal.branch_id
GROUP BY sucursal.branch_id
ORDER BY Cantidad_Clientes DESC;

--PUNTO 2 (anexa a la tabla sucursal una columna con la cantidad de empleados por cliente de cada sucursal)
-- creo view para unir data de tablas 
CREATE VIEW c_cl AS 
  SELECT sucursal.branch_id, sucursal.branch_name,count(cliente.customer_id) as Cantidad_Clientes
  FROM cliente 
  INNER JOIN sucursal on cliente.branch_id = sucursal.branch_id
  GROUP BY sucursal.branch_id
  ORDER BY sucursal.branch_id;

CREATE VIEW c_emp_x_cl AS
  SELECT c_cl.branch_id, branch_name, round((Cantidad_Clientes*1.0)/(count(empleado.employee_id)),2) as Cant_Empleados_por_cliente
  FROM c_cl
  INNER JOIN empleado ON empleado.branch_id = c_cl.branch_id
  GROUP BY c_cl.branch_id
  ORDER BY c_cl.branch_id;

-- creo columna 
ALTER TABLE sucursal 
ADD COLUMN employee_amnt_per_client REAL NOT NULL DEFAULT 0.0;

-- la actualizo con los valores obtenidos en las views  
UPDATE sucursal 
SET employee_amnt_per_client = (SELECT Cant_Empleados_por_cliente FROM c_emp_x_cl WHERE branch_id = sucursal.branch_id)
WHERE branch_id IN(SELECT branch_id FROM c_emp_x_cl);

-- borro las views utilizadas
DROP VIEW c_cl;
DROP VIEW c_emp_x_cl;

--PUNTO 3 (anexa a la tabla sucursal dos columnas con la cantidad de tarjetas de cada tipo emitidas por sucursal)
-- creo views para unir data de tablas 
CREATE VIEW c_t_credit_x_s AS 
  SELECT count(account_id) as Cantidad_Tarjetas, card_type, cliente.branch_id
  FROM tarjeta
  INNER JOIN cliente ON cliente.customer_id = tarjeta.customer_id
  GROUP BY cliente.branch_id
  HAVING tarjeta.card_type = 'credit'
  ORDER by cliente.branch_id;

CREATE VIEW c_t_dedit_x_s AS  
  SELECT count(account_id) as Cantidad_Tarjetas, card_type, cliente.branch_id
  FROM tarjeta
  INNER JOIN cliente ON cliente.customer_id = tarjeta.customer_id
  GROUP BY cliente.branch_id
  HAVING tarjeta.card_type = 'debit'
  ORDER by cliente.branch_id;
    
-- creo columnas
ALTER TABLE sucursal 
ADD COLUMN given_credit_cards INTEGER NOT NULL DEFAULT 0;

ALTER TABLE sucursal
ADD COLUMN given_dedit_cards INTEGER NOT NULL DEFAULT 0;

-- las actualizo con los valores obtenidos en las views
UPDATE sucursal 
SET given_credit_cards = (SELECT Cantidad_Tarjetas FROM c_t_credit_x_s WHERE branch_id = sucursal.branch_id)
WHERE branch_id IN(SELECT branch_id FROM c_t_credit_x_s);

UPDATE sucursal
SET given_dedit_cards = (SELECT Cantidad_Tarjetas FROM c_t_dedit_x_s WHERE branch_id = sucursal.branch_id)
WHERE branch_id IN(SELECT branch_id FROM c_t_dedit_x_s);

-- borro las views utilizadas
DROP VIEW c_t_credit_x_s;
DROP VIEW c_t_dedit_x_s;


--PUNTO 4 (anexa a la tabla sucursal una columna con la cantidad de prestamos emitidos por sucursal)
-- creo views para unir data de tablas 
CREATE VIEW esquema_prestamos AS 
SELECT branch_id, CLIENTE.customer_id, prestamo.loan_id FROM CLIENTE
LEFT JOIN prestamo
ON cliente.customer_id = prestamo.customer_id
order by branch_id;

CREATE VIEW diagrama_prestamos AS
SELECT esquema_prestamos.branch_id, count(loan_id) AS cant_prestamos, count(cliente.customer_id) AS cant_clientes
from esquema_prestamos 
INNER JOIN cliente on esquema_prestamos.branch_id = cliente.branch_id
group by esquema_prestamos.branch_id;

CREATE VIEW diagrama_promedio AS
SELECT branch_id, CAST(round((((cant_prestamos*1.0)/cant_clientes)*100),1)as TEXT) || '%' as promedio from diagrama_prestamos;

-- creo columna 
ALTER TABLE sucursal 
ADD COLUMN average_given_loans TEXT NOT NULL DEFAULT '0%';

-- la actualizo con los valores obtenidos en las views 
UPDATE sucursal 
SET average_given_loans = (SELECT promedio FROM diagrama_promedio WHERE branch_id = sucursal.branch_id)
WHERE branch_id IN(SELECT branch_id FROM diagrama_promedio);

--borro las views utilizadas
DROP VIEW diagrama_prestamos;
DROP VIEW diagrama_promedio;
DROP VIEW esquema_prestamos;

--PUNTO 5 (crea tabla auditoria y trigger que al activarse registrara en la tabla los movimientos)
CREATE TABLE auditoria_cuenta ( 
  id INTEGER PRIMARY KEY AUTOINCREMENT,
  old_id INT,
  new_id INT, 
  old_balance INT, 
  new_balance INT, 
  old_iban TEXT, 
  new_iban TEXT, 
  old_type TEXT, 
  new_type TEXT, 
  user_action TEXT, 
  created_at TEXT
);

--creo trigger con los parametros de activacion y las acciones a realizar
CREATE TRIGGER registro_movimientos_cuenta AFTER UPDATE ON cuenta 
WHEN old.balance<>new.balance OR old.iban<>new.iban OR old.type<>new.type
BEGIN
  INSERT INTO auditoria_cuenta (old_id,new_id,old_balance,new_balance, old_iban, new_iban, old_type, new_type, user_action, created_at)
  VALUES (old.account_id, new.account_id, old.balance, new.balance, old.iban, new.iban, old.type, new.type, 'UPDATE', datetime('NOW'));
END;

--hago el update de cuentas que quedara registrado en la tabla auditoria
UPDATE cuenta 
SET balance = balance - 10000
WHERE account_id IN (10,11,12,13,14);

--PUNTO 6 (Crear índice para DNI en la tabla Cliente)
create unique index index_dni on cliente (customer_DNI);

--PUNTO 7 (Crear tabla movimientos, hacer una transferencia y registrarlo en la tabla movimientos)
CREATE TABLE movimientos (
  movement_id INTEGER PRIMARY KEY AUTOINCREMENT,
  no_account INTEGER NOT NULL,
  amount INTEGER NOT NULL,
  type_operation TEXT NOT NULL,
  hour DATE NOT NULL
);
-- hago un commit de la transaccion generada automaticamente por sqlite e inicio una nueva donde en caso de error hara un rollback
COMMIT;
begin TRANSACTION;

update or ROLLBACK cuenta
set balance = balance - 1000
where account_id = 200;

update or ROLLBACK cuenta 
set balance = balance + 1000
where account_id = 400;

insert or ROLLBACK into movimientos(no_account, amount, type_operation, hour)
values(200, -1000, "Transfer", time("now"));

insert or ROLLBACK into movimientos(no_account, amount, type_operation, hour)
values(400, 1000, "Transfer", time("now"));

COMMIT;
